-- MySQL dump 10.13  Distrib 5.6.26, for Linux (x86_64)
--
-- Host: localhost    Database: check_a_db
-- ------------------------------------------------------
-- Server version	5.6.26

/*!40101 SET @OLD_CHARACTER_SET_CLIENT=@@CHARACTER_SET_CLIENT */;
/*!40101 SET @OLD_CHARACTER_SET_RESULTS=@@CHARACTER_SET_RESULTS */;
/*!40101 SET @OLD_COLLATION_CONNECTION=@@COLLATION_CONNECTION */;
/*!40101 SET NAMES utf8 */;
/*!40103 SET @OLD_TIME_ZONE=@@TIME_ZONE */;
/*!40103 SET TIME_ZONE='+00:00' */;
/*!40014 SET @OLD_UNIQUE_CHECKS=@@UNIQUE_CHECKS, UNIQUE_CHECKS=0 */;
/*!40014 SET @OLD_FOREIGN_KEY_CHECKS=@@FOREIGN_KEY_CHECKS, FOREIGN_KEY_CHECKS=0 */;
/*!40101 SET @OLD_SQL_MODE=@@SQL_MODE, SQL_MODE='NO_AUTO_VALUE_ON_ZERO' */;
/*!40111 SET @OLD_SQL_NOTES=@@SQL_NOTES, SQL_NOTES=0 */;

--
-- Table structure for table `agent`
--

DROP TABLE IF EXISTS `agent`;
/*!40101 SET @saved_cs_client     = @@character_set_client */;
/*!40101 SET character_set_client = utf8 */;
CREATE TABLE `agent` (
  `agent_id` varchar(10) NOT NULL COMMENT '代理商唯一id',
  `agent_name` varchar(60) DEFAULT NULL COMMENT '代理商名称',
  `agent_connectperson` varchar(20) DEFAULT NULL COMMENT '代理商对账工作人员id',
  `agent_connectpname` varchar(20) DEFAULT NULL COMMENT '代理商对账工作人员姓名',
  `agent_cpphone` varchar(11) DEFAULT NULL COMMENT '代理商对账工作人员电话',
  `agent_cpemail` varchar(20) DEFAULT NULL COMMENT '代理商工作人员邮箱',
  `isregister` tinyint(1) DEFAULT '0' COMMENT '是否注册，和财务人员绑定',
  PRIMARY KEY (`agent_id`)
) ENGINE=InnoDB DEFAULT CHARSET=utf8;
/*!40101 SET character_set_client = @saved_cs_client */;

--
-- Dumping data for table `agent`
--

LOCK TABLES `agent` WRITE;
/*!40000 ALTER TABLE `agent` DISABLE KEYS */;
INSERT INTO `agent` VALUES ('ah0001','安徽代理商','AHLY01','许海中','13515648582','349260281@qq.com',1),('gd0001','广东代理商','z1234','张小明','17355704249','15587924@qq.com',1),('gx0001','广西代理商',NULL,NULL,NULL,NULL,0),('hb0001','湖北代理商','hb12342','湖北代理商_2','13424245434','hb1234@qq.com',0),('hn0001','湖南代理商',NULL,NULL,NULL,NULL,0),('js0001','江苏代理商',NULL,NULL,NULL,NULL,0),('jx0001','江西代理商','shirlyxu','徐琴玲','18702514651','xuql3@sanyvdr.com',1),('sh0001','上海代理商',NULL,NULL,NULL,NULL,0),('xc0001','四川代理商','','','12134235564','132342@qq.com',0),('xj0001','新疆代理商','danielwen','文苑','18073105706','weny10@sany.com.cn',1),('zj0001','浙江代理商',NULL,NULL,NULL,NULL,0);
/*!40000 ALTER TABLE `agent` ENABLE KEYS */;
UNLOCK TABLES;

--
-- Table structure for table `assistance`
--

DROP TABLE IF EXISTS `assistance`;
/*!40101 SET @saved_cs_client     = @@character_set_client */;
/*!40101 SET character_set_client = utf8 */;
CREATE TABLE `assistance` (
  `workId` char(50) NOT NULL COMMENT '相当于用户名',
  `sourceSet` varchar(30) DEFAULT NULL,
  `name` varchar(10) NOT NULL,
  `phone` varchar(11) NOT NULL,
  `email` char(50) NOT NULL,
  `password` varchar(20) NOT NULL,
  `usertype` varchar(2) NOT NULL,
  `username` char(20) DEFAULT NULL,
  `agentid` varchar(10) DEFAULT NULL COMMENT '所属代理商id',
  `flag` int(11) DEFAULT NULL COMMENT '注册标志 0：成功注册 -1',
  `last_log_time` double DEFAULT NULL COMMENT '上次没有锁定输入密码的时间',
  `log_lock` tinyint(1) DEFAULT '0' COMMENT '是否锁定',
  `log_num` int(11) DEFAULT '0' COMMENT '在没有锁定下输入密码的次数',
  PRIMARY KEY (`workId`)
) ENGINE=InnoDB DEFAULT CHARSET=utf8 COMMENT='????ÿ????????Ա??Ϣ';
/*!40101 SET character_set_client = @saved_cs_client */;

--
-- Dumping data for table `assistance`
--

LOCK TABLES `assistance` WRITE;
/*!40000 ALTER TABLE `assistance` DISABLE KEYS */;
INSERT INTO `assistance` VALUES ('AHLY01',NULL,'许海中','13515648582','349260281@qq.com','xuhaizhong880726','bu',NULL,'ah0001',0,201611212137,0,0),('aj1234',NULL,'安晋','1587013299','8975949@qq.com','1234','bu',NULL,'hb0001',-1,20161122110215,0,NULL),('dangie',NULL,'文菀','1234','1234@qq.com','1234','bu',NULL,'xj0001',-1,201611212137,0,0),('danielwen',NULL,'文苑','18073105706','weny10@sany.com.cn','wenyuan','bu',NULL,'xj0001',0,201611212137,0,0),('danielwen82',NULL,'文菀','1234567','weny10@sany.com.cn','1234','bu',NULL,'xj0001',-1,201611212137,0,0),('l1234',NULL,'刘大','13760313545','12345678@qq.com','1234','bm',NULL,'',0,201611212137,0,0),('shirlyxu',NULL,'徐琴玲','18702514651','xuql3@sanyvdr.com','xu12151203','bu',NULL,'jx0001',0,201611212137,0,0),('w1234',NULL,'夏雪花','12345678901','132243@qq.com','1234','bu',NULL,'ah0001',-2,201611212137,0,0),('wenw',NULL,'fgae','1234','feawf@qq.com','1234','bu',NULL,'xj0001',-1,201611212137,0,0),('xj1234',NULL,'xj代理','1234','52352@qq.com','1234','bu',NULL,'xj0001',-1,201611212137,0,0),('z1234',NULL,'张小明','17355704249','15587924@qq.com','1234','bu',NULL,'gd0001',0,20161122105244,0,1),('zhangyr10',NULL,'张钰茹','18707913318','zhangyr@sany.com.cn','qwer=789','bu',NULL,'jx0001',-2,201611212137,0,0);
/*!40000 ALTER TABLE `assistance` ENABLE KEYS */;
UNLOCK TABLES;

--
-- Table structure for table `backup`
--

DROP TABLE IF EXISTS `backup`;
/*!40101 SET @saved_cs_client     = @@character_set_client */;
/*!40101 SET character_set_client = utf8 */;
CREATE TABLE `backup` (
  `id` int(11) NOT NULL AUTO_INCREMENT,
  `filename` varchar(30) NOT NULL DEFAULT '0' COMMENT '备份的sql文件名',
  PRIMARY KEY (`id`)
) ENGINE=MyISAM AUTO_INCREMENT=11 DEFAULT CHARSET=utf8;
/*!40101 SET character_set_client = @saved_cs_client */;

--
-- Dumping data for table `backup`
--

LOCK TABLES `backup` WRITE;
/*!40000 ALTER TABLE `backup` DISABLE KEYS */;
INSERT INTO `backup` VALUES (1,'2016_11_01_08_55_21.sql'),(2,'2016_11_01_08_55_23.sql'),(3,'2016_11_03_10_21_26.sql'),(4,'2016_11_08_19_15_30.sql'),(5,'2016_11_11_13_22_59.sql'),(6,'2016_11_16_15_50_54.sql'),(9,'2016_11_22_11_05_48.sql'),(10,'2016_11_22_11_05_58.sql');
/*!40000 ALTER TABLE `backup` ENABLE KEYS */;
UNLOCK TABLES;

--
-- Table structure for table `bank_input`
--

DROP TABLE IF EXISTS `bank_input`;
/*!40101 SET @saved_cs_client     = @@character_set_client */;
/*!40101 SET character_set_client = utf8 */;
CREATE TABLE `bank_input` (
  `payer` char(60) DEFAULT NULL COMMENT '付款人',
  `money` double DEFAULT NULL COMMENT '付款金额',
  `pay_way` varchar(30) DEFAULT NULL COMMENT '付款方式',
  `payer_account` varchar(30) DEFAULT NULL,
  `payid` int(11) DEFAULT NULL COMMENT '手机付款记录',
  `contract_num` varchar(30) DEFAULT NULL COMMENT '合同号',
  `status` tinyint(1) DEFAULT NULL,
  `id` int(11) NOT NULL AUTO_INCREMENT COMMENT '自增id',
  `input_time` varchar(10) DEFAULT NULL COMMENT '到帐日期',
  `payee` varchar(60) DEFAULT NULL COMMENT '收款人',
  `payee_account` varchar(30) DEFAULT NULL COMMENT '收款帐号',
  `isConnect` tinyint(1) DEFAULT NULL COMMENT '是否和付款记录关联',
  `many_contract` varchar(1000) DEFAULT NULL COMMENT '多合同付款',
  `connect_num` int(11) DEFAULT '0' COMMENT '关联合同的结果，0：没有关联',
  `connect_client` varchar(21) DEFAULT NULL COMMENT '关联客户的结果',
  `owner` varchar(10) DEFAULT NULL COMMENT '上传者id',
  PRIMARY KEY (`id`)
) ENGINE=InnoDB AUTO_INCREMENT=1175 DEFAULT CHARSET=utf8;
/*!40101 SET character_set_client = @saved_cs_client */;

--
-- Dumping data for table `bank_input`
--

LOCK TABLES `bank_input` WRITE;
/*!40000 ALTER TABLE `bank_input` DISABLE KEYS */;
INSERT INTO `bank_input` VALUES ('阿荣旗远东混凝土有限公司',3500,'网银转账','34001464508053003089',NULL,NULL,0,1093,'2016/07/18','广东工程机械有限公司','0987654321',0,NULL,0,'','gd0001'),('安达市建安建筑工程有限公司',1600,'柜台电汇','B123456',NULL,NULL,0,1094,'2016/07/12','广东工程机械有限公司','0987654321',0,NULL,0,'','gd0001'),('王五',3698.38,'现金',NULL,NULL,NULL,0,1095,'2016/07/29','广东工程机械有限公司','789456123',0,NULL,0,'','gd0001'),('安福县名骏商品混凝土有限责任公司',10000,'网银转账','D123456',NULL,NULL,0,1096,'2016/07/29','广东工程机械有限公司','789456123',0,NULL,0,'','gd0001'),('临猗县瑞帝斯混凝土有限公司',5000,'柜台电汇','E123456',NULL,NULL,0,1097,'2016/08/09','广东工程机械有限公司','789456123',0,NULL,0,'','gd0001'),('邓航',380000,'现金','K78965',NULL,NULL,0,1098,'2016/08/09','广东工程机械有限公司','789456123',0,NULL,0,'','gd0001'),('王柯',12000,'网银转账','D654321',NULL,NULL,0,1099,'2016/08/18','广东工程机械有限公司','3456789012345',0,NULL,0,'','gd0001'),('湖南精优机械科技有限公司',10000,'柜台电汇','E654321',NULL,NULL,0,1100,'2016/08/22','广东工程机械有限公司','3456789012345',0,NULL,0,'','gd0001'),('安徽华诚混凝土有限公司',3000,'柜台电汇','F654321',NULL,NULL,0,1101,'2016/08/25','广东工程机械有限公司','3456789012345',0,NULL,0,'','gd0001'),('杨军',2000,'银行承兑汇票',NULL,NULL,NULL,0,1102,'2016/08/25','广东工程机械有限公司','789456123',0,NULL,0,'','gd0001'),('张三',1000,'转账','C1234',NULL,NULL,0,1103,'2016/09/10','广东工程机械有限公司','789456123',0,NULL,0,'','gd0001'),('合肥市常宏混凝土有限公司',50000,'网银转账','34001464508053003089',277,'',0,1145,'2016/10/25','安徽良亿工程设备有限公司','181204604873',1,'[{\"contract\":\"CB5128BG0446\",\"money\":50000}]',1,'','ah0001'),('太湖瑞狮建材有限公司',100000,'网银转账','1309079009200061488',NULL,NULL,0,1146,'2016/10/19','安徽良亿工程设备有限公司','181204604873',0,'[{\"contract\":\"13BC54180383\",\"money\":100000}]',0,'','ah0001'),('南昌协达运输有限公司',100000,'银承',NULL,299,'',0,1169,'2016/09/21','江西大豫丰工程机械有限公司',NULL,1,'[{\"contract\":\"租赁款\",\"money\":85000},{\"contract\":\"配件款\",\"money\":6840},{\"contract\":\"工时款\",\"money\":8160}]',3,'','jx0001'),('江西伟顺建筑工程有限公司',110000,'电汇',NULL,296,'',0,1170,'2016/09/02','江西大豫丰工程机械有限公司','100839268700010001 ',1,'[{\"contract\":\"分期\",\"money\":110000}]',0,'','jx0001'),('江西伟顺建筑工程有限公司',100000,'电汇',NULL,295,'',0,1171,'2016/09/02','江西大豫丰工程机械有限公司','100839268700010001 ',1,'[{\"contract\":\"分期\",\"money\":100000}]',0,'','jx0001'),('江西伟顺建筑工程有限公司',130000,'电汇',NULL,297,'',0,1172,'2016/09/04','江西大豫丰工程机械有限公司','100839268700010001 ',1,'[{\"contract\":\"分期\",\"money\":130000}]',0,'','jx0001'),('江西宜丰晟峰混凝土有限公司',265071,'电汇',NULL,NULL,NULL,0,1173,'2016/10/12','江西大豫丰工程机械有限公司','100839268700010001 ',0,NULL,0,'','jx0001'),('江西宜丰晟峰混凝土有限公司',120000,'电汇',NULL,NULL,NULL,0,1174,'2016/10/12','江西大豫丰工程机械有限公司','100839268700010001 ',0,NULL,0,'','jx0001');
/*!40000 ALTER TABLE `bank_input` ENABLE KEYS */;
UNLOCK TABLES;

--
-- Table structure for table `bank_input_backup`
--

DROP TABLE IF EXISTS `bank_input_backup`;
/*!40101 SET @saved_cs_client     = @@character_set_client */;
/*!40101 SET character_set_client = utf8 */;
CREATE TABLE `bank_input_backup` (
  `payer` char(60) DEFAULT NULL COMMENT '付款人',
  `money` double DEFAULT NULL COMMENT '付款金额',
  `pay_way` varchar(30) DEFAULT NULL COMMENT '付款方式',
  `payer_account` char(30) DEFAULT NULL COMMENT '付款帐号',
  `payid` int(11) DEFAULT NULL COMMENT '手机付款记录',
  `contract_num` varchar(30) DEFAULT NULL COMMENT '合同号',
  `status` tinyint(1) DEFAULT NULL,
  `id` int(11) NOT NULL AUTO_INCREMENT COMMENT '自增id',
  `input_time` varchar(10) DEFAULT NULL COMMENT '到帐日期',
  `payee` varchar(60) DEFAULT NULL COMMENT '收款人',
  `payee_account` varchar(20) DEFAULT NULL COMMENT '收款帐号',
  `isConnect` tinyint(1) DEFAULT NULL COMMENT '是否和付款记录关联',
  `many_contract` varchar(1000) DEFAULT NULL COMMENT '多合同付款',
  `connect_num` int(11) DEFAULT '0' COMMENT '关联合同的结果，0：没有关联',
  `connect_client` varchar(21) DEFAULT NULL COMMENT '关联客户的结果',
  `owner` varchar(10) DEFAULT NULL COMMENT '上传者id',
  PRIMARY KEY (`id`)
) ENGINE=InnoDB DEFAULT CHARSET=utf8;
/*!40101 SET character_set_client = @saved_cs_client */;

--
-- Dumping data for table `bank_input_backup`
--

LOCK TABLES `bank_input_backup` WRITE;
/*!40000 ALTER TABLE `bank_input_backup` DISABLE KEYS */;
/*!40000 ALTER TABLE `bank_input_backup` ENABLE KEYS */;
UNLOCK TABLES;

--
-- Table structure for table `caresult_history`
--

DROP TABLE IF EXISTS `caresult_history`;
/*!40101 SET @saved_cs_client     = @@character_set_client */;
/*!40101 SET character_set_client = utf8 */;
CREATE TABLE `caresult_history` (
  `id` int(11) NOT NULL AUTO_INCREMENT COMMENT '主键',
  `caid` varchar(30) NOT NULL COMMENT '对账结果id',
  `cayear` varchar(4) DEFAULT NULL COMMENT '对账年份',
  `camonth` varchar(2) DEFAULT NULL COMMENT '对账月份',
  `url` varchar(50) DEFAULT NULL COMMENT '对账结果链接',
  `owner` varchar(30) DEFAULT NULL COMMENT '代理商id',
  `caresult` char(1) DEFAULT NULL COMMENT '对账结果，F代表完成，D进行',
  `lastcaid` tinyint(1) DEFAULT '0' COMMENT '上次对账的caid',
  PRIMARY KEY (`id`)
) ENGINE=InnoDB AUTO_INCREMENT=30 DEFAULT CHARSET=utf8;
/*!40101 SET character_set_client = @saved_cs_client */;

--
-- Dumping data for table `caresult_history`
--

LOCK TABLES `caresult_history` WRITE;
/*!40000 ALTER TABLE `caresult_history` DISABLE KEYS */;
INSERT INTO `caresult_history` VALUES (20,'2016-09-gd0001','2016','09','/check_Accout/报表中心/2016-09-gd0001_对账结果.xlsx','gd0001','F',0),(21,'2016-08-gd0001','2016','08','/check_Accout/报表中心/2016-08-gd0001_对账结果.xlsx','gd0001','D',0),(22,'2016-10-gd0001','2016','10','/check_Accout/报表中心/2016-10-gd0001_对账结果.xlsx','gd0001','F',0),(23,'2016-10-ah0001','2016','10','/check_Accout/报表中心/2016-10-ah0001_对账结果.xlsx','ah0001','F',0),(25,'2016-11-gd0001','2016','11','/check_Accout/报表中心/2016-11-gd0001_对账结果.xlsx','gd0001','F',1),(26,'2016-11-ah0001','2016','11','/check_Accout/报表中心/2016-11-ah0001_对账结果.xlsx','ah0001','F',1),(27,'2016-11-jx0001','2016','11','/check_Accout/报表中心/2016-11-jx0001_对账结果.xlsx','jx0001','F',1),(28,'2016-11-hb0001','2016','11',NULL,'hb0001','D',1),(29,'2016-11-xj0001','2016','11','/check_Accout/报表中心/2016-11-xj0001_对账结果.xlsx','xj0001','F',1);
/*!40000 ALTER TABLE `caresult_history` ENABLE KEYS */;
UNLOCK TABLES;

--
-- Table structure for table `connect_person`
--

DROP TABLE IF EXISTS `connect_person`;
/*!40101 SET @saved_cs_client     = @@character_set_client */;
/*!40101 SET character_set_client = utf8 */;
CREATE TABLE `connect_person` (
  `username` varchar(12) NOT NULL COMMENT '用户名',
  `phone` varchar(11) DEFAULT NULL,
  `weixin` varchar(20) DEFAULT NULL,
  `company` varchar(50) DEFAULT NULL COMMENT '单位名称（付款人名称）',
  `password` varchar(20) NOT NULL,
  `real_name` varchar(20) DEFAULT NULL COMMENT '真实姓名',
  `register_way` char(1) DEFAULT NULL COMMENT '注册方式，P：个人；C：公司',
  `agent` varchar(10) DEFAULT NULL COMMENT '所属代理商',
  `contract_mes` varchar(1000) DEFAULT NULL COMMENT '合同信息，用于证明为有效用户',
  `companyid` varchar(30) DEFAULT NULL COMMENT '公司标识',
  `flag` int(11) DEFAULT '-1' COMMENT '审核通过标志',
  `email` varchar(20) DEFAULT NULL COMMENT '邮箱',
  `cardid` varchar(22) DEFAULT NULL COMMENT '身份证',
  `score` int(11) DEFAULT '0' COMMENT '积分',
  PRIMARY KEY (`username`)
) ENGINE=InnoDB DEFAULT CHARSET=utf8;
/*!40101 SET character_set_client = @saved_cs_client */;

--
-- Dumping data for table `connect_person`
--

LOCK TABLES `connect_person` WRITE;
/*!40000 ALTER TABLE `connect_person` DISABLE KEYS */;
INSERT INTO `connect_person` VALUES ('01234567','18702514651',NULL,'邓过房','xu12151203','这','P','jx0001',NULL,'undefined',0,NULL,'undefined',10),('10','18707913318',NULL,'吉安市金瑞祥教材有限公司','qwer=789','张三','C','jx0001',NULL,'undefined',-2,NULL,'undefined',0),('101','18707913318',NULL,'吉安市金瑞祥建材有限公司','qwer=789','张三','C','jx0001',NULL,'undefined',0,NULL,'undefined',0),('102','18707913318',NULL,'吴春莲','qwer=789','小长','P','jx0001',NULL,'undefined',0,NULL,'undefined',10),('123','18702514651',NULL,'安福县名骏商品混凝土有限责任公司','xu12151203','刘','C','jx0001',NULL,'616640871-7',0,NULL,'undefined',0),('apsdfj','15581666637',NULL,'asdf','12314','sadfad','P','xj0001',NULL,'234235',-1,NULL,'234235',0),('danielwen1','18073105706',NULL,'湖南一旺科技有限公司','wenyuan','文苑1','C','xj0001',NULL,'1234567890',0,NULL,'4310073112345678098',0),('danielwen2','18073105706',NULL,'','wenyuan','文苑2','C','xj0001',NULL,'',-2,NULL,'',0),('daxiong0699','18679631833',NULL,'上海浦东新利恒设备租赁有限公司','13205190699_','熊学华','C','jx0001',NULL,'91310115682299694D',0,NULL,'422421197512198336',0),('dengding','1344536364','dengdingweixin','临猗县瑞帝斯混凝土有限公司','1234','邓丁','C','gd0001','6500056529319','33262111086745',0,'254435@qq.com','440789923424',10),('dengfa','135678890','dengfaweixin','安福县名骏商品混凝土有限责任公司','1234','邓发','C','gd0001','50821216000465','61640871-7',0,'45687@qq.com','46754456756',30),('denghang','15581666637',NULL,'邓航','1234','邓航','P','gd0001',NULL,'410183197312122000',0,NULL,'410183197312122000',20),('jdzgz','18879873588',NULL,'景德镇市古镇混凝土有限公司','jdzgz888','景德镇市古镇混凝土有限公司','C','jx0001',NULL,'undefined',0,NULL,'undefined',0),('lisi','13760898789','lisiweixin','李四','1234','李四','P','gd0001','65000552118980','1253',0,'rawfga@qq.com','47977534543',10),('Liu100991','13687952023',NULL,'江西宜丰晟峰混凝土有现公司','liu100993','刘建军','C','hb0001',NULL,'91360924071836278Y',0,NULL,'362228198907041837',0),('liu100993','13687952023',NULL,'江西宜丰晟峰混凝土有限公司','liu100991','刘建军','C','jx0001',NULL,'91360924071836278Y',0,NULL,'362228198907041837',30),('liufei','13760898909','liufeiweixin','安达市建安建筑工程有限公司','1234','刘飞','C','gd0001','KFZLfxe11-654','576932908T9-S',0,'123456@qq.com','48097456789',30),('liusan','13750678987','liusanweixin','汕头建筑有限公司','1234','刘三','C','gd0001','6199901Q124669038','tSTFE122000',0,'fawfer@qq.com','44078119934567',10),('shvarna','13801648233',NULL,'南昌协达运输有限公司','sh19761026','邱继东','C','jx0001',NULL,'91360121343176307T',0,NULL,'310225197610266012',0),('test','13789098745','testweixin','三一测试公司','1234','测试','C','gd0001','43243tyu','44078199789',0,'fafee@qq.com','4407899634',0),('undefined','15581666637',NULL,'undefined','undefined','undefined','u','undefined',NULL,'undefined',-1,NULL,'undefined',0),('合肥市常宏混凝土有限公司','13515648582',NULL,'合肥市常宏混凝土有限公司','undefined','合肥市常宏混凝土有限公司','C','ah0001',NULL,'91340100799809440P',0,NULL,'undefined',0),('周洁','15274878972',NULL,'张野','349069','周洁','P','ah0001',NULL,'1568836786',0,NULL,'1568836786',0),('大熊','18679631833',NULL,'上海浦东新利恒设备租赁有限公司','13205190699','熊学华','C','jx0001',NULL,'91310115682299694D',0,NULL,'422421197512198336',0),('婧琳','15970670716',NULL,'南昌协达运输有限公司','123456','婧琳','C','jx0001',NULL,'undefined',0,NULL,'undefined',20),('张三','18055131250',NULL,'太湖瑞狮建材有限公司','13515648582','太湖瑞狮建材有限公司','C','ah0001',NULL,'undefined',0,NULL,'undefined',0),('晨曦','18707918318',NULL,'江西伟顺建筑工程有限公司','lx13766259959','晨曦','C','jx0001',NULL,'1234567890',0,NULL,'362426199102174567',30),('清韵如诗','18779112082',NULL,'南昌协达运输有限公司','gong1314520','小龚','C','jx0001',NULL,'',0,NULL,'undefined',40),('王五','13515648582',NULL,'合肥市常宏混凝土有限公司','13515648582','合肥市常宏混凝土有限公司','u','ah0001',NULL,'undefined',0,NULL,'undefined',0);
/*!40000 ALTER TABLE `connect_person` ENABLE KEYS */;
UNLOCK TABLES;

--
-- Temporary view structure for view `connect_person_view`
--

DROP TABLE IF EXISTS `connect_person_view`;
/*!50001 DROP VIEW IF EXISTS `connect_person_view`*/;
SET @saved_cs_client     = @@character_set_client;
SET character_set_client = utf8;
/*!50001 CREATE VIEW `connect_person_view` AS SELECT 
 1 AS `username`,
 1 AS `phone`,
 1 AS `weixin`,
 1 AS `company`,
 1 AS `password`,
 1 AS `real_name`,
 1 AS `register_way`,
 1 AS `agent`,
 1 AS `contract_mes`,
 1 AS `companyid`,
 1 AS `flag`,
 1 AS `email`,
 1 AS `cardid`,
 1 AS `score`,
 1 AS `agent_name`*/;
SET character_set_client = @saved_cs_client;

--
-- Table structure for table `cus_sdstore_backup`
--

DROP TABLE IF EXISTS `cus_sdstore_backup`;
/*!40101 SET @saved_cs_client     = @@character_set_client */;
/*!40101 SET character_set_client = utf8 */;
CREATE TABLE `cus_sdstore_backup` (
  `client` char(60) NOT NULL,
  `input` double DEFAULT NULL,
  `update_time` char(10) DEFAULT NULL,
  `contract_mes` varchar(1000) DEFAULT NULL COMMENT '客户的合同信息',
  `contract_num` int(11) DEFAULT NULL COMMENT '合同个数',
  `owner` varchar(10) DEFAULT NULL COMMENT '客户所属代理商',
  `total` int(11) DEFAULT NULL COMMENT '保存总额',
  `accout_mes` varchar(100) DEFAULT NULL COMMENT '客户的合同信息',
  PRIMARY KEY (`client`)
) ENGINE=InnoDB DEFAULT CHARSET=utf8 COMMENT='????û????д?????ŵĸ?????¼';
/*!40101 SET character_set_client = @saved_cs_client */;

--
-- Dumping data for table `cus_sdstore_backup`
--

LOCK TABLES `cus_sdstore_backup` WRITE;
/*!40000 ALTER TABLE `cus_sdstore_backup` DISABLE KEYS */;
/*!40000 ALTER TABLE `cus_sdstore_backup` ENABLE KEYS */;
UNLOCK TABLES;

--
-- Table structure for table `cus_secondstore`
--

DROP TABLE IF EXISTS `cus_secondstore`;
/*!40101 SET @saved_cs_client     = @@character_set_client */;
/*!40101 SET character_set_client = utf8 */;
CREATE TABLE `cus_secondstore` (
  `client` char(60) NOT NULL,
  `input` double DEFAULT NULL,
  `update_time` char(10) DEFAULT NULL,
  `contract_mes` varchar(1000) DEFAULT NULL COMMENT '客户的合同信息',
  `contract_num` int(11) DEFAULT NULL COMMENT '合同个数',
  `owner` varchar(10) DEFAULT NULL COMMENT '客户所属代理商',
  `total` int(11) DEFAULT NULL COMMENT '保存总额',
  `accout_mes` varchar(100) DEFAULT NULL COMMENT '客户的合同信息',
  PRIMARY KEY (`client`)
) ENGINE=InnoDB DEFAULT CHARSET=utf8 COMMENT='????û????д?????ŵĸ?????¼';
/*!40101 SET character_set_client = @saved_cs_client */;

--
-- Dumping data for table `cus_secondstore`
--

LOCK TABLES `cus_secondstore` WRITE;
/*!40000 ALTER TABLE `cus_secondstore` DISABLE KEYS */;
INSERT INTO `cus_secondstore` VALUES ('临猗县瑞帝斯混凝土有限公司',0,NULL,'[{\"contract\":\"6500056529319\",\"debt\":6352278}]',1,'gd0001',0,'[\"E123456\"]'),('南昌协达运输有限公司',0,NULL,'[{\"contract\":\"租赁款\",\"debt\":85000},{\"contract\":\"配件款\",\"debt\":126873.56},{\"contract\":\"工时款\",\"debt\":8160}]',3,'jx0001',NULL,NULL),('合肥工程有限公司',0,NULL,NULL,0,'ah0001',NULL,NULL),('合肥市常宏混凝土有限公司',0,NULL,'[{\"contract\":\"CB5128BG0446\",\"debt\":250000}]',1,'ah0001',NULL,'[\"34001464508053003089\"]'),('大连船舶',0,NULL,NULL,0,'ah0001',NULL,NULL),('太湖瑞狮建材有限公司',0,NULL,'[{\"contract\":\"13BC54180383\",\"debt\":800000}]',1,'ah0001',NULL,'[\"1309079009200061488\"]'),('安徽华诚混凝土有限公司',0,NULL,'[{\"contract\":\"XTM1101108\",\"debt\":179787}]',1,'gd0001',0,'[\"F654321\"]'),('安徽强大建筑集团有限公司',0,NULL,'[{\"contract\":\"7924130137\",\"debt\":1422554}]',1,'gd0001',0,NULL),('安福县名骏商品混凝土有限责任公司',0,NULL,'[{\"contract\":\"50821216000465\",\"debt\":345343},{\"contract\":\"7719091004\",\"debt\":679560},{\"contract\":\"77190916000004\",\"debt\":679560}]',3,'gd0001',0,'[\"D123456\"]'),('安达市建安建筑工程有限公司',0,NULL,'[{\"contract\":\"KFZLfxe11-654\",\"debt\":1076565}]',1,'gd0001',0,'[\"B123456\"]'),('小1',0,NULL,NULL,0,'ah0001',NULL,NULL),('小2',0,NULL,NULL,0,'ah0001',NULL,NULL),('小3',0,NULL,NULL,0,'ah0001',NULL,NULL),('景德镇市古镇混凝土有限公司',0,NULL,NULL,0,'jx0001',NULL,NULL),('李四',0,NULL,'[{\"contract\":\"65000552118980\",\"debt\":623232}]',1,'gd0001',0,NULL),('杨军',0,NULL,'[{\"contract\":\"38311416001449\",\"debt\":189087}]',1,'gd0001',0,NULL),('汕头建筑有限公司',0,NULL,'[{\"contract\":\"6199901Q124669038\",\"debt\":179787}]',1,'gd0001',0,NULL),('汕尾建筑有限公司',0,NULL,'[{\"contract\":\"KFZL2011-654\",\"debt\":1076565}]',1,'gd0001',0,NULL),('江西宜丰晟峰混凝土有限公司',0,NULL,'[{\"contract\":\"康富款\",\"debt\":232445.12},{\"contract\":\"按揭款\",\"debt\":1031207.88}]',2,'jx0001',NULL,NULL),('江西省伟顺建筑工程有限公司',0,NULL,'[{\"contract\":\"分期款\",\"debt\":340000},{\"contract\":\"康富款\",\"debt\":587770.1},{\"contract\":\"中宏夸\",\"debt\":10000}]',3,'jx0001',NULL,NULL),('河东工程有限公司',0,NULL,NULL,0,'ah0001',NULL,NULL),('清运混凝土有限公司',0,NULL,'[{\"contract\":\"XTMeele01108\",\"debt\":179787}]',1,'gd0001',0,NULL),('茂名建筑集团有限公司',0,NULL,'[{\"contract\":\"79241316000137\",\"debt\":1422554}]',1,'gd0001',0,NULL),('邓航',0,NULL,'[{\"contract\":\"6199901Q1131246\",\"debt\":179787},{\"contract\":\"KFZL1-654\",\"debt\":1076565}]',2,'gd0001',0,'[\"K78965\"]'),('邓过房',0,NULL,NULL,0,'jx0001',NULL,NULL),('阿荣旗远东混凝土有限公司',0,NULL,'[{\"contract\":\"38311416001451\",\"debt\":200000},{\"contract\":\"620004962950130\",\"debt\":189678}]',2,'gd0001',0,'[\"34001464508053003089\"]');
/*!40000 ALTER TABLE `cus_secondstore` ENABLE KEYS */;
UNLOCK TABLES;

--
-- Table structure for table `op_log`
--

DROP TABLE IF EXISTS `op_log`;
/*!40101 SET @saved_cs_client     = @@character_set_client */;
/*!40101 SET character_set_client = utf8 */;
CREATE TABLE `op_log` (
  `time` varchar(22) DEFAULT NULL,
  `usertype` varchar(15) DEFAULT NULL,
  `username` varchar(30) DEFAULT NULL,
  `content` varchar(30) DEFAULT NULL,
  `id` int(11) NOT NULL AUTO_INCREMENT,
  `result` varchar(30) DEFAULT NULL,
  PRIMARY KEY (`id`),
  KEY `id` (`id`)
) ENGINE=InnoDB AUTO_INCREMENT=553 DEFAULT CHARSET=utf8;
/*!40101 SET character_set_client = @saved_cs_client */;

--
-- Dumping data for table `op_log`
--

LOCK TABLES `op_log` WRITE;
/*!40000 ALTER TABLE `op_log` DISABLE KEYS */;
INSERT INTO `op_log` VALUES ('2016/11/14_08:23:17','管理员','l1234','登录',1,'成功'),('2016/11/14_08:24:07','管理员','l1234','注销',2,'成功'),('2016/11/14_08:25:21','管理员','l1234','登录',3,'成功'),('2016/11/14_08:33:04','管理员','l1234','登录',4,'成功'),('2016/11/14_08:40:12','管理员','l1234','登录',5,'成功'),('2016/11/14_08:44:39','管理员','l1234','注销',6,'成功'),('2016/11/14_08:44:55','代理商财务','zhangyr10','登录',7,'失败'),('2016/11/14_08:45:10','管理员','l1234','登录',8,'成功'),('2016/11/14_12:00:32','代理商财务','z1234','登录',9,'失败'),('2016/11/14_12:00:35','代理商财务','z12342','登录',10,'失败'),('2016/11/14_12:50:40','代理商财务','z1234','注销',11,'成功'),('2016/11/14_12:50:45','管理员','l1234','登录',12,'成功'),('2016/11/14_12:51:18','管理员','l1234','注销',13,'成功'),('2016/11/14_13:07:09','管理员','l1234','登录',14,'成功'),('2016/11/14_13:07:15','管理员','l1234','注销',15,'成功'),('2016/11/14_13:08:01','管理员','l1234','登录',16,'成功'),('2016/11/14_13:08:13','管理员','l1234','注销',17,'成功'),('2016/11/14_14:04:00','代理商财务','danielwen82','登录',18,'失败'),('2016/11/14_14:04:03','代理商财务','danielwen82','登录',19,'失败'),('2016/11/14_14:07:57','代理商财务','danielwen82','登录',20,'失败'),('2016/11/14_14:17:29','管理员','l1234','登录',21,'成功'),('2016/11/14_14:25:29','代理商财务','z1234','登录',22,'失败'),('2016/11/14_14:25:32','代理商财务','z1234','登录',23,'失败'),('2016/11/14_14:25:34','代理商财务','z12342','登录',24,'失败'),('2016/11/14_14:26:51','代理商财务','z12342','登录',25,'失败'),('2016/11/14_14:26:53','代理商财务','z12342','登录',26,'失败'),('2016/11/14_14:26:54','代理商财务','z12342','登录',27,'失败'),('2016/11/14_14:26:54','代理商财务','z12342','登录',28,'失败'),('2016/11/14_14:26:55','代理商财务','z12342','登录',29,'失败'),('2016/11/14_14:26:55','代理商财务','z12342','登录',30,'失败'),('2016/11/14_14:26:55','代理商财务','z12342','登录',31,'失败'),('2016/11/14_14:26:55','代理商财务','z12342','登录',32,'失败'),('2016/11/14_14:26:55','代理商财务','z12342','登录',33,'失败'),('2016/11/14_14:26:56','代理商财务','z12342','登录',34,'失败'),('2016/11/14_14:26:56','代理商财务','z12342','登录',35,'失败'),('2016/11/14_14:26:56','代理商财务','z12342','登录',36,'失败'),('2016/11/14_14:26:58','代理商财务','z1234','登录',37,'成功'),('2016/11/14_14:27:04','代理商财务','z1234','注销',38,'成功'),('2016/11/14_14:27:06','代理商财务','z1234','登录',39,'失败'),('2016/11/14_14:27:07','代理商财务','z1234','登录',40,'失败'),('2016/11/14_14:27:08','代理商财务','z1234','登录',41,'失败'),('2016/11/14_14:27:08','代理商财务','z1234','登录',42,'失败'),('2016/11/14_14:27:09','代理商财务','z1234','登录',43,'失败'),('2016/11/14_14:27:09','代理商财务','z1234','登录',44,'失败'),('2016/11/14_14:27:10','代理商财务','z1234','登录',45,'失败'),('2016/11/14_14:27:10','代理商财务','z1234','登录',46,'失败'),('2016/11/14_14:27:10','代理商财务','z1234','登录',47,'失败'),('2016/11/14_14:27:11','代理商财务','z1234','登录',48,'失败'),('2016/11/14_14:27:11','代理商财务','z1234','登录',49,'失败'),('2016/11/14_14:27:11','代理商财务','z1234','登录',50,'失败'),('2016/11/14_14:27:11','代理商财务','z1234','登录',51,'失败'),('2016/11/14_14:27:11','代理商财务','z1234','登录',52,'失败'),('2016/11/14_14:27:12','代理商财务','z1234','登录',53,'失败'),('2016/11/14_14:27:13','代理商财务','z1234','登录',54,'失败'),('2016/11/14_14:27:13','代理商财务','z1234','登录',55,'失败'),('2016/11/14_14:27:14','代理商财务','z1234','登录',56,'失败'),('2016/11/14_14:27:14','代理商财务','z1234','登录',57,'失败'),('2016/11/14_14:27:14','代理商财务','z1234','登录',58,'失败'),('2016/11/14_14:27:15','代理商财务','z1234','登录',59,'失败'),('2016/11/14_14:27:16','代理商财务','z1234','登录',60,'失败'),('2016/11/14_14:27:16','代理商财务','z1234','登录',61,'失败'),('2016/11/14_14:27:16','代理商财务','z1234','登录',62,'失败'),('2016/11/14_14:27:16','代理商财务','z1234','登录',63,'失败'),('2016/11/14_14:27:17','代理商财务','z1234','登录',64,'失败'),('2016/11/14_14:27:19','代理商财务','z1234','登录',65,'失败'),('2016/11/14_14:27:19','代理商财务','z1234','登录',66,'失败'),('2016/11/14_14:27:20','代理商财务','z1234','登录',67,'失败'),('2016/11/14_14:27:20','代理商财务','z1234','登录',68,'失败'),('2016/11/14_14:27:20','代理商财务','z1234','登录',69,'失败'),('2016/11/14_14:27:20','代理商财务','z1234','登录',70,'失败'),('2016/11/14_14:27:20','代理商财务','z1234','登录',71,'失败'),('2016/11/14_14:27:21','代理商财务','z1234','登录',72,'失败'),('2016/11/14_14:27:21','代理商财务','z1234','登录',73,'失败'),('2016/11/14_14:27:21','代理商财务','z1234','登录',74,'失败'),('2016/11/14_14:27:21','代理商财务','z1234','登录',75,'失败'),('2016/11/14_14:27:21','代理商财务','z1234','登录',76,'失败'),('2016/11/14_14:27:22','代理商财务','z1234','登录',77,'失败'),('2016/11/14_14:27:22','代理商财务','z1234','登录',78,'失败'),('2016/11/14_14:27:23','代理商财务','z1234','登录',79,'失败'),('2016/11/14_14:28:00','代理商财务','z1234','登录',80,'失败'),('2016/11/14_14:28:00','代理商财务','z1234','登录',81,'失败'),('2016/11/14_14:28:01','代理商财务','z1234','登录',82,'失败'),('2016/11/14_14:28:01','代理商财务','z1234','登录',83,'失败'),('2016/11/14_14:28:01','代理商财务','z1234','登录',84,'失败'),('2016/11/14_14:28:01','代理商财务','z1234','登录',85,'失败'),('2016/11/14_14:28:01','代理商财务','z1234','登录',86,'失败'),('2016/11/14_14:28:02','代理商财务','z1234','登录',87,'失败'),('2016/11/14_14:28:02','代理商财务','z1234','登录',88,'失败'),('2016/11/14_14:28:04','代理商财务','z1234','登录',89,'失败'),('2016/11/14_14:28:04','代理商财务','z1234','登录',90,'失败'),('2016/11/14_14:28:04','代理商财务','z1234','登录',91,'失败'),('2016/11/14_14:28:04','代理商财务','z1234','登录',92,'失败'),('2016/11/14_14:28:05','代理商财务','z1234','登录',93,'失败'),('2016/11/14_14:28:05','代理商财务','z1234','登录',94,'失败'),('2016/11/14_14:28:05','代理商财务','z1234','登录',95,'失败'),('2016/11/14_14:28:07','代理商财务','z1234123','登录',96,'失败'),('2016/11/14_14:28:09','代理商财务','z1234','登录',97,'失败'),('2016/11/14_14:28:11','代理商财务','z123423','登录',98,'失败'),('2016/11/14_14:28:13','代理商财务','z123423','登录',99,'失败'),('2016/11/14_14:28:15','代理商财务','z1234','登录',100,'失败'),('2016/11/14_14:28:15','代理商财务','z1234','登录',101,'失败'),('2016/11/14_14:28:15','代理商财务','z1234','登录',102,'失败'),('2016/11/14_14:28:16','代理商财务','z1234','登录',103,'失败'),('2016/11/14_14:28:16','代理商财务','z1234','登录',104,'失败'),('2016/11/14_14:28:19','代理商财务','z1234','登录',105,'成功'),('2016/11/14_14:28:42','代理商财务','z1234','登录',106,'成功'),('2016/11/14_14:28:44','代理商财务','z1234','注销',107,'成功'),('2016/11/14_14:28:48','代理商财务','z1234','进入对账流程',108,'成功'),('2016/11/14_14:45:02','管理员','l1234','登录',109,'成功'),('2016/11/14_14:47:37','管理员','l1234','登录',110,'成功'),('2016/11/14_15:16:17','管理员','l1234','登录',111,'成功'),('2016/11/14_15:25:49','客户','liu100993','微信上传付款信息',112,'成功'),('2016/11/14_15:29:04','客户','liu100993','微信上传付款信息',113,'成功'),('2016/11/14_15:47:10','代理商财务','z1234','注销',114,'成功'),('2016/11/14_15:55:34','管理员','l1234','登录',115,'成功'),('2016/11/14_16:00:14','管理员','l1234','登录',116,'成功'),('2016/11/14_16:01:18','代理商财务','danielwen','登录',117,'成功'),('2016/11/14_16:01:20','代理商财务','danielwen','进入对账流程',118,'成功'),('2016/11/14_16:01:23','代理商财务','danielwen','进入对账流程',119,'成功'),('2016/11/14_16:01:27','代理商财务','danielwen','进入对账流程',120,'成功'),('2016/11/14_16:02:26','客户','jdzgz','上传付款信息',121,'成功'),('2016/11/14_16:02:54','代理商财务','danielwen','登录',122,'成功'),('2016/11/14_16:06:12','管理员','l1234','登录',123,'成功'),('2016/11/14_16:10:09','代理商财务','danielwen','进入对账流程',124,'成功'),('2016/11/14_16:17:49','客户','jdzgz','上传付款信息',125,'成功'),('2016/11/14_16:18:47','代理商财务','AHLY01','登录',126,'失败'),('2016/11/14_16:19:09','代理商财务','AHLY01','登录',127,'失败'),('2016/11/14_16:19:40','代理商财务','AHLY01','登录',128,'成功'),('2016/11/14_16:20:29','客户','jdzgz','上传付款信息',129,'成功'),('2016/11/14_16:21:40','客户','jdzgz','上传付款信息',130,'成功'),('2016/11/14_16:22:37','客户','jdzgz','上传付款信息',131,'成功'),('2016/11/14_17:17:43','管理员','l1234','登录',132,'成功'),('2016/11/14_17:17:57','代理商财务','danielwen','登录',133,'成功'),('2016/11/14_17:18:14','代理商财务','danielwen','进入对账流程',134,'成功'),('2016/11/14_17:18:15','代理商财务','danielwen','进入对账流程',135,'成功'),('2016/11/14_17:18:36','管理员','l1234','注销',136,'成功'),('2016/11/14_17:21:03','代理商财务','danielwen','注销',137,'成功'),('2016/11/14_17:21:28','代理商财务','danielwen','登录',138,'成功'),('2016/11/14_17:22:31','代理商财务','danielwen','进入对账流程',139,'成功'),('2016/11/14_17:22:33','代理商财务','danielwen','进入对账流程',140,'成功'),('2016/11/14_17:22:51','代理商财务','danielwen','进入对账流程',141,'成功'),('2016/11/14_17:23:24','代理商财务','danielwen','登录',142,'成功'),('2016/11/14_17:23:25','代理商财务','danielwen','进入对账流程',143,'成功'),('2016/11/14_20:05:31','管理员','l1234','登录',144,'成功'),('2016/11/14_20:14:17','客户','周洁','上传付款信息',145,'成功'),('2016/11/14_23:23:43','管理员','l1234','注销',146,'成功'),('2016/11/15_08:24:36','代理商财务','shirlyxu','登录',147,'成功'),('2016/11/15_08:28:53','代理商财务','shirlyxu','进入对账流程',148,'成功'),('2016/11/15_08:31:43','管理员','l1234','登录',149,'成功'),('2016/11/15_08:31:51','代理商财务','shirlyxu','进入对账流程',150,'成功'),('2016/11/15_08:45:21','客户','安徽良亿','上传付款信息',151,'成功'),('2016/11/15_08:49:09','代理商财务','AHLY01','登录',152,'成功'),('2016/11/15_08:50:14','代理商财务','AHLY01','进入对账流程',153,'成功'),('2016/11/15_08:53:54','客户','danielwen1','上传付款信息',154,'成功'),('2016/11/15_09:07:38','代理商财务','z1234','登录',155,'成功'),('2016/11/15_09:07:40','代理商财务','z1234','进入对账流程',156,'成功'),('2016/11/15_09:07:54','代理商财务','z1234','导入货款表及出纳表',157,'成功'),('2016/11/15_09:13:04','代理商财务','z1234','执行对账',158,'成功'),('2016/11/15_09:13:05','代理商财务','z1234','导出对账结果',159,'成功'),('2016/11/15_09:13:42','代理商财务','z1234','注销',160,'成功'),('2016/11/15_09:13:47','管理员','l1234','登录',161,'成功'),('2016/11/15_09:15:07','管理员','l1234','注销',162,'成功'),('2016/11/15_09:24:03','代理商财务','AHLY01','登录',163,'失败'),('2016/11/15_09:24:14','代理商财务','AHLY01','登录',164,'成功'),('2016/11/15_09:24:33','代理商财务','AHLY01','进入对账流程',165,'成功'),('2016/11/15_09:26:33','代理商财务','AHLY01','进入对账流程',166,'成功'),('2016/11/15_09:27:22','代理商财务','AHLY01','导入货款表及出纳表',167,'成功'),('2016/11/15_09:30:01','代理商财务','AHLY01','执行对账',168,'失败'),('2016/11/15_09:31:06','管理员','l1234','登录',169,'成功'),('2016/11/15_09:38:33','客户','denghang','上传付款信息',170,'成功'),('2016/11/15_09:41:38','客户','denghang','上传付款信息',171,'成功'),('2016/11/15_09:42:32','管理员','l1234','登录',172,'成功'),('2016/11/15_09:50:01','客户','安徽良亿','上传付款信息',173,'成功'),('2016/11/15_09:50:11','代理商财务','AHLY01','进入对账流程',174,'成功'),('2016/11/15_09:50:46','代理商财务','AHLY01','登录',175,'成功'),('2016/11/15_09:51:01','代理商财务','AHLY01','进入对账流程',176,'成功'),('2016/11/15_09:51:55','代理商财务','AHLY01','进入对账流程',177,'成功'),('2016/11/15_09:52:23','代理商财务','AHLY01','导入货款表及出纳表',178,'成功'),('2016/11/15_10:06:43','客户','周洁','上传付款信息',179,'成功'),('2016/11/15_10:14:21','代理商财务','AHLY01','进入对账流程',180,'成功'),('2016/11/15_10:20:06','代理商财务','z1234','登录',181,'成功'),('2016/11/15_10:20:19','代理商财务','z1234','进入对账流程',182,'成功'),('2016/11/15_10:20:59','代理商财务','z1234','导入货款表及出纳表',183,'成功'),('2016/11/15_10:22:51','代理商财务','z1234','执行对账',184,'失败'),('2016/11/15_10:23:08','管理员','l1234','注销',185,'成功'),('2016/11/15_10:23:18','代理商财务','danielwen82','登录',186,'失败'),('2016/11/15_10:23:20','代理商财务','danielwen','登录',187,'成功'),('2016/11/15_10:30:15','客户','清韵如诗','上传付款信息',188,'成功'),('2016/11/15_10:32:09','客户','清韵如诗','上传付款信息',189,'成功'),('2016/11/15_10:34:21','代理商财务','shirlyxu','登录',190,'成功'),('2016/11/15_10:34:30','客户','清韵如诗','上传付款信息',191,'成功'),('2016/11/15_10:38:09','代理商财务','shirlyxu','进入对账流程',192,'成功'),('2016/11/15_10:42:16','代理商财务','shirlyxu','执行对账',193,'失败'),('2016/11/15_10:42:20','代理商财务','shirlyxu','进入对账流程',194,'成功'),('2016/11/15_10:42:28','代理商财务','shirlyxu','进入对账流程',195,'成功'),('2016/11/15_10:42:53','代理商财务','shirlyxu','进入对账流程',196,'成功'),('2016/11/15_10:45:26','代理商财务','shirlyxu','进入对账流程',197,'成功'),('2016/11/15_10:45:27','代理商财务','shirlyxu','进入对账流程',198,'成功'),('2016/11/15_10:47:32','代理商财务','shirlyxu','注销',199,'成功'),('2016/11/15_10:47:36','代理商财务','shirlyxu','登录',200,'成功'),('2016/11/15_10:47:39','代理商财务','shirlyxu','进入对账流程',201,'成功'),('2016/11/15_10:52:15','管理员','AHLY01','登录',202,'失败'),('2016/11/15_10:52:28','管理员','AHLY01','登录',203,'失败'),('2016/11/15_10:53:26','管理员','l1234','登录',204,'成功'),('2016/11/15_10:54:11','代理商财务','z1234','注销',205,'成功'),('2016/11/15_10:54:21','管理员','l1234','登录',206,'成功'),('2016/11/15_10:55:32','管理员','l1234','注销',207,'成功'),('2016/11/15_10:55:48','代理商财务','AHLY01','登录',208,'成功'),('2016/11/15_10:55:55','代理商财务','AHLY01','进入对账流程',209,'成功'),('2016/11/15_10:56:10','代理商财务','AHLY01','导入货款表及出纳表',210,'成功'),('2016/11/15_10:58:04','客户','王五','上传付款信息',211,'成功'),('2016/11/15_10:59:36','代理商财务','AHLY01','登录',212,'成功'),('2016/11/15_11:00:10','代理商财务','shirlyxu','登录',213,'成功'),('2016/11/15_11:00:14','代理商财务','shirlyxu','进入对账流程',214,'成功'),('2016/11/15_11:01:05','客户','王五','上传付款信息',215,'成功'),('2016/11/15_11:01:32','客户','王五','上传付款信息',216,'成功'),('2016/11/15_11:01:45','代理商财务','AHLY01','进入对账流程',217,'成功'),('2016/11/15_11:01:56','代理商财务','AHLY01','导入货款表及出纳表',218,'成功'),('2016/11/15_11:10:14','客户','王五','上传付款信息',219,'成功'),('2016/11/15_11:10:36','代理商财务','shirlyxu','登录',220,'成功'),('2016/11/15_11:10:42','代理商财务','shirlyxu','进入对账流程',221,'成功'),('2016/11/15_11:16:25','代理商财务','shirlyxu','进入对账流程',222,'成功'),('2016/11/15_11:16:29','代理商财务','shirlyxu','进入对账流程',223,'成功'),('2016/11/15_11:16:34','代理商财务','shirlyxu','进入对账流程',224,'成功'),('2016/11/15_11:16:37','代理商财务','shirlyxu','进入对账流程',225,'成功'),('2016/11/15_11:16:48','代理商财务','shirlyxu','进入对账流程',226,'成功'),('2016/11/15_11:45:54','代理商财务','danielwen','登录',227,'成功'),('2016/11/15_11:51:08','代理商财务','danielwen','登录',228,'成功'),('2016/11/15_11:51:13','代理商财务','danielwen','登录',229,'成功'),('2016/11/15_11:51:27','代理商财务','danielwen','登录',230,'成功'),('2016/11/15_11:51:30','代理商财务','danielwen','登录',231,'成功'),('2016/11/15_11:53:58','代理商财务','danielwen','进入对账流程',232,'成功'),('2016/11/15_11:54:14','代理商财务','danielwen','进入对账流程',233,'成功'),('2016/11/15_11:54:15','代理商财务','danielwen','进入对账流程',234,'成功'),('2016/11/15_12:00:29','代理商财务','shirlyxu','进入对账流程',235,'成功'),('2016/11/15_12:18:48','客户','王五','上传付款信息',236,'成功'),('2016/11/15_12:37:28','管理员','l1234','注销',237,'成功'),('2016/11/15_12:47:26','管理员','l1234','登录',238,'成功'),('2016/11/15_12:48:39','代理商财务','z1234','登录',239,'成功'),('2016/11/15_12:49:16','管理员','l1234','登录',240,'成功'),('2016/11/15_12:54:58','客户','denghang','微信上传付款信息',241,'成功'),('2016/11/15_13:06:27','客户','denghang','微信上传付款信息',242,'成功'),('2016/11/15_13:12:45','管理员','l1234','登录',243,'成功'),('2016/11/15_13:13:05','管理员','l1234','登录',244,'成功'),('2016/11/15_13:13:58','代理商财务','z1234','登录',245,'成功'),('2016/11/15_13:16:17','客户','denghang','微信上传付款信息',246,'成功'),('2016/11/15_14:03:54','客户','王五','上传付款信息',247,'成功'),('2016/11/15_14:04:39','代理商财务','AHLY01','登录',248,'成功'),('2016/11/15_14:04:45','代理商财务','AHLY01','进入对账流程',249,'成功'),('2016/11/15_14:04:51','代理商财务','AHLY01','进入对账流程',250,'成功'),('2016/11/15_14:05:04','代理商财务','AHLY01','导入货款表及出纳表',251,'成功'),('2016/11/15_14:05:21','代理商财务','AHLY01','执行对账',252,'失败'),('2016/11/15_14:05:46','代理商财务','shirlyxu','登录',253,'成功'),('2016/11/15_14:05:51','代理商财务','shirlyxu','进入对账流程',254,'成功'),('2016/11/15_14:05:59','代理商财务','shirlyxu','进入对账流程',255,'成功'),('2016/11/15_14:10:57','代理商财务','shirlyxu','导入货款表及出纳表',256,'成功'),('2016/11/15_14:12:32','代理商财务','shirlyxu','导入货款表及出纳表',257,'成功'),('2016/11/15_14:12:38','代理商财务','shirlyxu','导入货款表及出纳表',258,'成功'),('2016/11/15_14:12:41','代理商财务','shirlyxu','导入货款表及出纳表',259,'成功'),('2016/11/15_14:13:03','管理员','l1234','登录',260,'成功'),('2016/11/15_14:13:20','代理商财务','shirlyxu','进入对账流程',261,'成功'),('2016/11/15_14:13:21','代理商财务','shirlyxu','进入对账流程',262,'成功'),('2016/11/15_14:18:11','客户','张三','上传付款信息',263,'成功'),('2016/11/15_14:29:17','客户','张三','上传付款信息',264,'成功'),('2016/11/15_14:30:53','代理商财务','AHLY01','登录',265,'成功'),('2016/11/15_14:31:21','代理商财务','AHLY01','进入对账流程',266,'成功'),('2016/11/15_14:31:34','代理商财务','AHLY01','导入货款表及出纳表',267,'成功'),('2016/11/15_14:32:29','代理商财务','AHLY01','执行对账',268,'失败'),('2016/11/15_14:33:24','代理商财务','AHLY01','执行对账',269,'失败'),('2016/11/15_14:34:15','代理商财务','shirlyxu','执行对账',270,'成功'),('2016/11/15_14:34:16','代理商财务','shirlyxu','导出对账结果',271,'成功'),('2016/11/15_14:34:40','代理商财务','AHLY01','执行对账',272,'失败'),('2016/11/15_14:40:20','代理商财务','AHLY01','执行对账',273,'成功'),('2016/11/15_14:40:21','代理商财务','AHLY01','导出对账结果',274,'成功'),('2016/11/15_14:41:57','代理商财务','AHLY01','进入对账流程',275,'成功'),('2016/11/15_14:42:08','代理商财务','AHLY01','进入对账流程',276,'成功'),('2016/11/15_14:45:47','管理员','l1234','登录',277,'成功'),('2016/11/15_14:46:37','代理商财务','shirlyxu','进入对账流程',278,'成功'),('2016/11/15_14:46:44','代理商财务','shirlyxu','进入对账流程',279,'成功'),('2016/11/15_14:47:56','客户','王五','上传付款信息',280,'成功'),('2016/11/15_14:48:32','代理商财务','shirlyxu','进入对账流程',281,'成功'),('2016/11/15_14:48:41','代理商财务','shirlyxu','进入对账流程',282,'成功'),('2016/11/15_14:48:42','代理商财务','shirlyxu','进入对账流程',283,'成功'),('2016/11/15_14:48:56','代理商财务','AHLY01','登录',284,'成功'),('2016/11/15_14:49:01','管理员','l1234','注销',285,'成功'),('2016/11/15_14:49:04','代理商财务','AHLY01','进入对账流程',286,'成功'),('2016/11/15_14:49:15','代理商财务','AHLY01','导入货款表及出纳表',287,'成功'),('2016/11/15_14:49:49','代理商财务','AHLY01','登录',288,'成功'),('2016/11/15_14:49:51','代理商财务','AHLY01','进入对账流程',289,'成功'),('2016/11/15_14:50:00','代理商财务','AHLY01','执行对账',290,'失败'),('2016/11/15_14:50:13','代理商财务','AHLY01','执行对账',291,'成功'),('2016/11/15_14:50:14','代理商财务','AHLY01','导出对账结果',292,'成功'),('2016/11/15_14:50:30','代理商财务','shirlyxu','注销',293,'成功'),('2016/11/15_14:50:32','代理商财务','shirlyxu','登录',294,'成功'),('2016/11/15_14:50:36','代理商财务','shirlyxu','进入对账流程',295,'成功'),('2016/11/15_14:50:46','代理商财务','danielwen','登录',296,'成功'),('2016/11/15_14:50:50','代理商财务','danielwen','进入对账流程',297,'成功'),('2016/11/15_14:50:53','代理商财务','danielwen','进入对账流程',298,'成功'),('2016/11/15_14:50:58','代理商财务','danielwen','进入对账流程',299,'成功'),('2016/11/15_14:51:00','代理商财务','danielwen','进入对账流程',300,'成功'),('2016/11/15_14:51:05','代理商财务','danielwen','进入对账流程',301,'成功'),('2016/11/15_14:51:07','代理商财务','danielwen','登录',302,'成功'),('2016/11/15_14:51:09','代理商财务','danielwen','进入对账流程',303,'成功'),('2016/11/15_14:51:20','代理商财务','danielwen','执行对账',304,'失败'),('2016/11/15_14:51:25','代理商财务','danielwen','登录',305,'成功'),('2016/11/15_14:52:26','代理商财务','AHLY01','注销',306,'成功'),('2016/11/15_14:52:36','管理员','l1234','登录',307,'成功'),('2016/11/15_14:52:57','代理商财务','danielwen','进入对账流程',308,'成功'),('2016/11/15_14:53:01','代理商财务','danielwen','进入对账流程',309,'成功'),('2016/11/15_14:55:33','管理员','l1234','注销',310,'成功'),('2016/11/15_14:56:15','代理商财务','shirlyxu','进入对账流程',311,'成功'),('2016/11/15_14:57:07','代理商财务','shirlyxu','登录',312,'成功'),('2016/11/15_14:57:11','代理商财务','shirlyxu','进入对账流程',313,'成功'),('2016/11/15_14:57:25','代理商财务','shirlyxu','执行对账',314,'成功'),('2016/11/15_14:57:26','代理商财务','shirlyxu','导出对账结果',315,'成功'),('2016/11/15_14:57:42','代理商财务','danielwen','进入对账流程',316,'成功'),('2016/11/15_15:00:37','代理商财务','shirlyxu','取消并重新对账',317,'成功'),('2016/11/15_15:04:04','代理商财务','shirlyxu','执行对账',318,'成功'),('2016/11/15_15:04:05','代理商财务','shirlyxu','导出对账结果',319,'成功'),('2016/11/15_15:18:59','代理商财务','shirlyxu','进入对账流程',320,'成功'),('2016/11/15_15:19:02','代理商财务','shirlyxu','执行对账',321,'成功'),('2016/11/15_15:19:03','代理商财务','shirlyxu','导出对账结果',322,'成功'),('2016/11/15_15:34:07','代理商财务','shirlyxu','进入对账流程',323,'成功'),('2016/11/15_15:34:53','代理商财务','shirlyxu','注销',324,'成功'),('2016/11/15_15:34:54','代理商财务','shirlyxu','登录',325,'成功'),('2016/11/15_15:34:59','代理商财务','shirlyxu','注销',326,'成功'),('2016/11/15_15:38:13','代理商财务','danielwen','注销',327,'成功'),('2016/11/15_15:38:21','管理员','z1234','登录',328,'失败'),('2016/11/15_15:38:25','管理员','z1234','登录',329,'失败'),('2016/11/15_15:38:33','管理员','dengfa','登录',330,'失败'),('2016/11/15_15:38:40','管理员','danielwen','登录',331,'失败'),('2016/11/15_15:38:49','代理商财务','danielwen','登录',332,'成功'),('2016/11/15_15:39:33','代理商财务','danielwen','进入对账流程',333,'成功'),('2016/11/15_15:39:35','代理商财务','danielwen','进入对账流程',334,'成功'),('2016/11/15_15:39:40','代理商财务','danielwen','进入对账流程',335,'成功'),('2016/11/15_15:40:58','代理商财务','shirlyxu','进入对账流程',336,'成功'),('2016/11/15_16:24:43','代理商财务','shirlyxu','登录',337,'成功'),('2016/11/15_16:24:47','代理商财务','shirlyxu','进入对账流程',338,'成功'),('2016/11/15_16:25:00','代理商财务','shirlyxu','执行对账',339,'成功'),('2016/11/15_16:25:01','代理商财务','shirlyxu','导出对账结果',340,'成功'),('2016/11/15_16:27:05','代理商财务','shirlyxu','取消并重新对账',341,'成功'),('2016/11/15_16:27:38','代理商财务','shirlyxu','登录',342,'失败'),('2016/11/15_16:27:55','代理商财务','shirlyxu','登录',343,'成功'),('2016/11/15_16:27:57','代理商财务','shirlyxu','进入对账流程',344,'成功'),('2016/11/15_16:28:24','代理商财务','shirlyxu','执行对账',345,'成功'),('2016/11/15_16:28:25','代理商财务','shirlyxu','导出对账结果',346,'成功'),('2016/11/15_16:37:44','客户','清韵如诗','微信上传付款信息',347,'成功'),('2016/11/15_16:38:42','代理商财务','shirlyxu','取消并重新对账',348,'成功'),('2016/11/15_16:38:51','代理商财务','shirlyxu','注销',349,'成功'),('2016/11/15_16:38:52','代理商财务','shirlyxu','登录',350,'成功'),('2016/11/15_16:39:08','代理商财务','shirlyxu','进入对账流程',351,'成功'),('2016/11/15_16:41:57','代理商财务','shirlyxu','注销',352,'成功'),('2016/11/15_16:42:06','管理员','l1234','登录',353,'失败'),('2016/11/15_16:42:11','管理员','l1234','登录',354,'成功'),('2016/11/15_16:56:25','客户','清韵如诗','微信上传付款信息',355,'成功'),('2016/11/15_17:18:01','客户','清韵如诗','微信上传付款信息',356,'失败'),('2016/11/15_17:18:03','客户','清韵如诗','微信上传付款信息',357,'成功'),('2016/11/15_17:30:28','客户','清韵如诗','微信上传付款信息',358,'成功'),('2016/11/15_17:30:28','客户','清韵如诗','微信上传付款信息',359,'成功'),('2016/11/15_17:53:32','客户','清韵如诗','微信上传付款信息',362,'成功'),('2016/11/15_18:02:34','客户','清韵如诗','微信上传付款信息',363,'失败'),('2016/11/15_18:02:36','客户','清韵如诗','微信上传付款信息',364,'成功'),('2016/11/15_18:07:16','客户','清韵如诗','微信上传付款信息',365,'成功'),('2016/11/15_18:09:59','客户','清韵如诗','微信上传付款信息',366,'成功'),('2016/11/15_18:10:49','客户','清韵如诗','微信上传付款信息',367,'成功'),('2016/11/15_18:12:20','客户','清韵如诗','微信上传付款信息',368,'成功'),('2016/11/15_18:16:50','客户','denghang','上传付款信息',369,'成功'),('2016/11/15_22:57:53','客户','清韵如诗','微信上传付款信息',372,'成功'),('2016/11/15_23:10:55','代理商财务','shirlyxu','注销',373,'成功'),('2016/11/15_23:11:01','代理商财务','AHLY01','登录',374,'成功'),('2016/11/15_23:11:06','代理商财务','AHLY01','进入对账流程',375,'成功'),('2016/11/15_23:12:00','代理商财务','AHLY01','登录',376,'成功'),('2016/11/15_23:12:04','代理商财务','AHLY01','注销',377,'成功'),('2016/11/15_23:12:06','代理商财务','AHLY01','登录',378,'成功'),('2016/11/15_23:12:07','代理商财务','AHLY01','进入对账流程',379,'成功'),('2016/11/15_23:12:28','代理商财务','AHLY01','注销',380,'成功'),('2016/11/15_23:13:03','代理商财务','z1234','登录',381,'成功'),('2016/11/15_23:13:41','代理商财务','z1234','注销',382,'成功'),('2016/11/15_23:13:45','代理商财务','AHLY01','登录',383,'成功'),('2016/11/15_23:13:46','代理商财务','AHLY01','进入对账流程',384,'成功'),('2016/11/15_23:15:07','代理商财务','AHLY01','执行对账',385,'成功'),('2016/11/15_23:15:08','代理商财务','AHLY01','导出对账结果',386,'成功'),('2016/11/15_23:15:30','代理商财务','AHLY01','注销',387,'成功'),('2016/11/15_23:15:37','客户','denghang','上传付款信息',388,'成功'),('2016/11/15_23:26:09','管理员','l1234','注销',389,'成功'),('2016/11/16_10:17:26','代理商财务','AHLY01','登录',390,'成功'),('2016/11/16_10:17:28','代理商财务','AHLY01','进入对账流程',391,'成功'),('2016/11/16_10:17:35','代理商财务','AHLY01','执行对账',392,'成功'),('2016/11/16_10:17:36','代理商财务','AHLY01','导出对账结果',393,'成功'),('2016/11/16_10:17:39','代理商财务','AHLY01','注销',394,'成功'),('2016/11/16_10:36:41','代理商财务','AHLY01','登录',395,'成功'),('2016/11/16_11:11:57','管理员','l1234','登录',396,'成功'),('2016/11/16_14:22:50','管理员','l1234','登录',397,'成功'),('2016/11/16_14:40:22','代理商财务','danielwen','登录',398,'成功'),('2016/11/16_14:40:24','代理商财务','danielwen','进入对账流程',399,'成功'),('2016/11/16_14:40:38','代理商财务','danielwen','进入对账流程',400,'成功'),('2016/11/16_14:44:47','客户','danielwen1','上传付款信息',401,'成功'),('2016/11/16_14:54:59','管理员','l1234','登录',402,'成功'),('2016/11/16_15:17:11','客户','01234567','微信上传付款信息',403,'成功'),('2016/11/16_15:35:50','客户','婧琳','上传付款信息',404,'成功'),('2016/11/16_15:41:02','代理商财务','shirlyxu','登录',405,'成功'),('2016/11/16_15:42:27','代理商财务','shirlyxu','进入对账流程',406,'成功'),('2016/11/16_15:43:14','管理员','l1234','登录',407,'成功'),('2016/11/16_15:47:57','客户','102','上传付款信息',408,'成功'),('2016/11/16_15:49:47','管理员','l1234','登录',409,'成功'),('2016/11/16_15:52:05','代理商财务','shirlyxu','登录',410,'成功'),('2016/11/16_15:52:39','代理商财务','shirlyxu','进入对账流程',411,'成功'),('2016/11/16_15:52:46','代理商财务','shirlyxu','进入对账流程',412,'成功'),('2016/11/16_16:04:51','代理商财务','danielwen','登录',413,'失败'),('2016/11/16_16:05:05','管理员','l1234','登录',414,'成功'),('2016/11/16_16:09:02','管理员','l1234','注销',415,'成功'),('2016/11/16_16:27:30','代理商财务','danielwen','登录',416,'成功'),('2016/11/16_16:27:31','代理商财务','danielwen','进入对账流程',417,'成功'),('2016/11/16_16:27:33','代理商财务','danielwen','进入对账流程',418,'成功'),('2016/11/16_16:27:58','代理商财务','danielwen','登录',419,'成功'),('2016/11/16_16:28:01','代理商财务','danielwen','进入对账流程',420,'成功'),('2016/11/16_16:28:06','代理商财务','danielwen','进入对账流程',421,'成功'),('2016/11/16_16:28:12','代理商财务','danielwen','进入对账流程',422,'成功'),('2016/11/16_16:28:22','代理商财务','danielwen','进入对账流程',423,'成功'),('2016/11/16_16:28:30','代理商财务','danielwen','进入对账流程',424,'成功'),('2016/11/16_16:30:50','代理商财务','danielwen','注销',425,'成功'),('2016/11/16_16:31:13','代理商财务','danielwen','登录',426,'成功'),('2016/11/16_16:31:23','代理商财务','danielwen','注销',427,'成功'),('2016/11/16_16:31:26','代理商财务','danielwen','登录',428,'成功'),('2016/11/16_16:33:12','代理商财务','danielwen','进入对账流程',429,'成功'),('2016/11/16_16:33:16','代理商财务','danielwen','进入对账流程',430,'成功'),('2016/11/16_16:54:22','代理商财务','danielwen','注销',431,'成功'),('2016/11/16_16:54:25','代理商财务','l1234','登录',432,'失败'),('2016/11/16_16:54:29','代理商财务','l1234','登录',433,'失败'),('2016/11/16_16:54:31','管理员','l1234','登录',434,'成功'),('2016/11/16_17:25:47','代理商财务','shirlyxu','登录',435,'成功'),('2016/11/16_17:25:50','代理商财务','shirlyxu','进入对账流程',436,'成功'),('2016/11/16_17:26:15','代理商财务','shirlyxu','导入货款表及出纳表',437,'成功'),('2016/11/16_17:27:04','代理商财务','shirlyxu','进入对账流程',438,'成功'),('2016/11/16_17:39:30','代理商财务','shirlyxu','登录',439,'成功'),('2016/11/16_17:39:34','代理商财务','shirlyxu','进入对账流程',440,'成功'),('2016/11/16_17:39:53','代理商财务','shirlyxu','导入货款表及出纳表',441,'成功'),('2016/11/16_17:40:26','代理商财务','shirlyxu','进入对账流程',442,'成功'),('2016/11/16_17:41:37','代理商财务','shirlyxu','执行对账',443,'失败'),('2016/11/16_17:41:58','代理商财务','shirlyxu','执行对账',444,'成功'),('2016/11/16_17:41:59','代理商财务','shirlyxu','导出对账结果',445,'成功'),('2016/11/17_09:39:55','代理商财务','shirlyxu','登录',446,'成功'),('2016/11/17_09:55:51','代理商财务','shirlyxu','进入对账流程',447,'成功'),('2016/11/17_09:56:54','代理商财务','shirlyxu','进入对账流程',448,'成功'),('2016/11/17_10:08:57','代理商财务','shirlyxu','执行对账',449,'成功'),('2016/11/17_10:08:58','代理商财务','shirlyxu','导出对账结果',450,'成功'),('2016/11/18_09:58:26','管理员','l1234','登录',451,'成功'),('2016/11/18_09:58:50','管理员','l1234','注销',452,'成功'),('2016/11/18_10:05:24','管理员','l1234','登录',453,'成功'),('2016/11/18_10:21:56','管理员','l1234','注销',454,'成功'),('2016/11/18_10:21:57','管理员','l1234','登录',455,'成功'),('2016/11/18_10:26:21','管理员','l1234','登录',456,'成功'),('2016/11/18_10:47:08','管理员','l1234','注销',457,'成功'),('2016/11/18_11:01:35','管理员','l1234','登录',458,'成功'),('2016/11/18_11:02:09','管理员','l1234','注销',459,'成功'),('2016/11/18_11:10:54','管理员','l1234','登录',460,'成功'),('2016/11/18_11:11:09','管理员','l1234','注销',461,'成功'),('2016/11/18_11:37:42','代理商财务','shirlyxu','登录',462,'成功'),('2016/11/18_11:37:54','代理商财务','shirlyxu','进入对账流程',463,'成功'),('2016/11/18_11:37:58','代理商财务','shirlyxu','进入对账流程',464,'成功'),('2016/11/18_11:38:45','代理商财务','shirlyxu','进入对账流程',465,'成功'),('2016/11/18_15:03:59','管理员','l1234','登录',466,'成功'),('2016/11/18_15:04:21','管理员','l1234','注销',467,'成功'),('2016/11/18_15:06:33','管理员','l1234','登录',468,'成功'),('2016/11/18_15:26:26','代理商财务','danielwen','登录',469,'成功'),('2016/11/18_15:27:04','代理商财务','danielwen','进入对账流程',470,'成功'),('2016/11/18_15:30:40','代理商财务','danielwen','执行对账',471,'失败'),('2016/11/18_15:53:13','代理商财务','danielwen','进入对账流程',472,'成功'),('2016/11/18_15:53:18','代理商财务','danielwen','进入对账流程',473,'成功'),('2016/11/18_15:54:33','代理商财务','danielwen','进入对账流程',474,'成功'),('2016/11/18_15:54:42','代理商财务','danielwen','进入对账流程',475,'成功'),('2016/11/18_15:54:47','代理商财务','danielwen','进入对账流程',476,'成功'),('2016/11/18_15:55:04','代理商财务','danielwen','进入对账流程',477,'成功'),('2016/11/18_15:55:38','代理商财务','danielwen','进入对账流程',478,'成功'),('2016/11/18_16:37:37','代理商财务','shirlyxu','进入对账流程',479,'成功'),('2016/11/18_16:42:16','管理员','l1234','登录',480,'成功'),('2016/11/18_17:01:43','客户','晨曦','上传付款信息',481,'成功'),('2016/11/18_17:04:12','客户','晨曦','上传付款信息',482,'成功'),('2016/11/18_17:04:52','客户','晨曦','上传付款信息',483,'成功'),('2016/11/18_17:15:47','代理商财务','shirlyxu','登录',484,'成功'),('2016/11/18_17:16:20','代理商财务','shirlyxu','进入对账流程',485,'成功'),('2016/11/18_17:16:40','代理商财务','shirlyxu','导入货款表及出纳表',486,'成功'),('2016/11/18_17:19:54','客户','晨曦','上传付款信息',487,'成功'),('2016/11/18_17:27:53','客户','晨曦','上传付款信息',488,'成功'),('2016/11/18_17:28:21','客户','晨曦','上传付款信息',489,'成功'),('2016/11/18_17:31:19','客户','婧琳','上传付款信息',490,'成功'),('2016/11/18_17:36:28','代理商财务','shirlyxu','登录',491,'成功'),('2016/11/18_17:39:30','代理商财务','shirlyxu','进入对账流程',492,'成功'),('2016/11/18_17:41:31','代理商财务','shirlyxu','进入对账流程',493,'成功'),('2016/11/18_17:41:33','代理商财务','shirlyxu','进入对账流程',494,'成功'),('2016/11/18_17:41:48','代理商财务','shirlyxu','进入对账流程',495,'成功'),('2016/11/18_17:42:36','代理商财务','shirlyxu','进入对账流程',496,'成功'),('2016/11/18_17:42:37','代理商财务','shirlyxu','进入对账流程',497,'成功'),('2016/11/18_17:42:42','代理商财务','shirlyxu','进入对账流程',498,'成功'),('2016/11/18_17:42:59','代理商财务','shirlyxu','导入货款表及出纳表',499,'成功'),('2016/11/18_17:44:22','代理商财务','shirlyxu','注销',500,'成功'),('2016/11/18_17:44:24','代理商财务','shirlyxu','登录',501,'成功'),('2016/11/18_17:44:26','代理商财务','shirlyxu','进入对账流程',502,'成功'),('2016/11/18_17:45:05','代理商财务','shirlyxu','导入货款表及出纳表',503,'成功'),('2016/11/18_17:47:00','代理商财务','shirlyxu','注销',504,'成功'),('2016/11/18_17:47:01','代理商财务','shirlyxu','登录',505,'成功'),('2016/11/18_17:47:03','代理商财务','shirlyxu','进入对账流程',506,'成功'),('2016/11/18_17:47:15','代理商财务','shirlyxu','导入货款表及出纳表',507,'成功'),('2016/11/18_17:48:04','代理商财务','shirlyxu','执行对账',508,'成功'),('2016/11/18_17:48:05','代理商财务','shirlyxu','导出对账结果',509,'成功'),('2016/11/18_17:48:52','客户','婧琳','上传付款信息',510,'成功'),('2016/11/18_17:49:54','代理商财务','shirlyxu','注销',511,'成功'),('2016/11/18_17:49:56','代理商财务','shirlyxu','登录',512,'成功'),('2016/11/18_17:49:58','代理商财务','shirlyxu','进入对账流程',513,'成功'),('2016/11/18_17:50:28','代理商财务','shirlyxu','执行对账',514,'成功'),('2016/11/18_17:50:29','代理商财务','shirlyxu','导出对账结果',515,'成功'),('2016/11/21_17:06:42','代理商财务','shiliu','登录',516,'失败'),('2016/11/21_17:11:36','管理员','shiliu','登录',517,'失败'),('2016/11/21_21:23:20','代理商财务','z1234','登录',518,'成功'),('2016/11/21_21:23:28','代理商财务','z1234','注销',519,'成功'),('2016/11/21_21:26:10','管理员','l1234','登录',520,'成功'),('2016/11/21_21:26:30','管理员','l1234','注销',521,'成功'),('2016/11/21_21:27:00','管理员','l1234','登录',522,'成功'),('2016/11/21_21:46:23','管理员','a','登录',523,'失败'),('2016/11/21_21:46:28','管理员','l1234','登录',524,'成功'),('2016/11/21_21:46:43','代理商财务','l1234','登录',525,'失败'),('2016/11/21_21:48:20','管理员','l1234','登录',526,'成功'),('2016/11/22_01:09:05','管理员','l1234','登录',527,'成功'),('2016/11/22_07:58:11','管理员','l1234','登录',528,'成功'),('2016/11/22_07:59:25','管理员','l1234','注销',529,'成功'),('2016/11/22_10:49:00','管理员','l1234','登录',530,'成功'),('2016/11/22_10:49:10','管理员','l1234','注销',531,'成功'),('2016/11/22_10:50:53','代理商财务','z1234','登录',532,'成功'),('2016/11/22_10:50:57','代理商财务','z1234','注销',533,'成功'),('2016/11/22_10:51:00','代理商财务','z1234','登录',534,'失败'),('2016/11/22_10:51:03','代理商财务','z1234','登录',535,'失败'),('2016/11/22_10:51:04','代理商财务','z1234','登录',536,'失败'),('2016/11/22_10:51:05','代理商财务','z1234','登录',537,'失败'),('2016/11/22_10:51:06','代理商财务','z1234','登录',538,'失败'),('2016/11/22_10:51:07','代理商财务','z1234','登录',539,'失败'),('2016/11/22_10:51:08','代理商财务','z1234','登录',540,'失败'),('2016/11/22_10:51:11','代理商财务','z1234','登录',541,'失败'),('2016/11/22_10:51:12','代理商财务','z1234','登录',542,'失败'),('2016/11/22_10:52:44','代理商财务','z1234','登录',543,'失败'),('2016/11/22_10:52:46','代理商财务','z1234','登录',544,'成功'),('2016/11/22_10:58:09','代理商财务','z1234','注销',545,'成功'),('2016/11/22_10:58:15','管理员','l1234','登录',546,'成功'),('2016/11/22_11:02:27','代理商财务','aj1234','登录',547,'失败'),('2016/11/22_11:02:31','管理员','l1234','注销',548,'成功'),('2016/11/22_11:02:35','代理商财务','aj1234','登录',549,'失败'),('2016/11/22_11:02:36','管理员','l1234','登录',550,'成功'),('2016/11/22_11:02:39','管理员','l1234','注销',551,'成功'),('2016/11/22_11:05:24','管理员','l1234','登录',552,'成功');
/*!40000 ALTER TABLE `op_log` ENABLE KEYS */;
UNLOCK TABLES;

--
-- Table structure for table `ori_order`
--

DROP TABLE IF EXISTS `ori_order`;
/*!40101 SET @saved_cs_client     = @@character_set_client */;
/*!40101 SET character_set_client = utf8 */;
CREATE TABLE `ori_order` (
  `order_num` char(30) NOT NULL,
  `input` double DEFAULT NULL COMMENT '本月收入',
  `debt` double DEFAULT NULL,
  `total` double DEFAULT NULL,
  `state` char(15) DEFAULT NULL,
  `update_time` varchar(10) DEFAULT NULL,
  `remark` varchar(100) DEFAULT NULL,
  `client` varchar(60) DEFAULT NULL,
  `owner` varchar(20) DEFAULT NULL,
  `connect_bank` varchar(100) DEFAULT NULL COMMENT '关联的多条出纳',
  `customid` varchar(30) DEFAULT NULL COMMENT '对账联系人id',
  `cuscompanyid` varchar(30) DEFAULT NULL COMMENT '客户id',
  `product_time` varchar(10) DEFAULT NULL COMMENT '发货时间',
  `owner_product` varchar(60) DEFAULT NULL COMMENT '货款主体',
  `customname` varchar(100) DEFAULT NULL,
  `customphone` varchar(11) DEFAULT NULL,
  `customweixin` varchar(20) DEFAULT NULL,
  `asname` varchar(20) DEFAULT NULL,
  `asphone` varchar(11) DEFAULT NULL,
  `asemail` varchar(20) DEFAULT NULL,
  `province` varchar(20) DEFAULT NULL COMMENT '省份',
  PRIMARY KEY (`order_num`)
) ENGINE=InnoDB DEFAULT CHARSET=utf8 COMMENT='?????ϴ???ԭʼ?˵?';
/*!40101 SET character_set_client = @saved_cs_client */;

--
-- Dumping data for table `ori_order`
--

LOCK TABLES `ori_order` WRITE;
/*!40000 ALTER TABLE `ori_order` DISABLE KEYS */;
INSERT INTO `ori_order` VALUES ('13BC54180383',0,800000,3400000,NULL,NULL,NULL,'太湖瑞狮建材有限公司','ah0001',NULL,NULL,NULL,'2015/07/12','安徽代理商',NULL,NULL,NULL,'许海中','13515648582','349260281@qq.com','安徽'),('38311416001449',0,189087,189087,NULL,NULL,NULL,'杨军','gd0001',NULL,NULL,'4129812080385','2014/02/27','中发',NULL,NULL,NULL,'张小明','17355704249','15587924@qq.com','广东'),('38311416001451',0,200000,200000,NULL,NULL,NULL,'阿荣旗远东混凝土有限公司','gd0001',NULL,NULL,'57667809-2','2014/02/27','中宏',NULL,NULL,NULL,'张小明','17355704249','15587924@qq.com','广东'),('50821216000465',0,345343,345343,NULL,NULL,NULL,'安福县名骏商品混凝土有限责任公司','gd0001',NULL,NULL,'61640871-7','2014/02/27','广东代理商','邓发','135678890','dengfaweixin','张小明','17355704249','15587924@qq.com','广东'),('6199901Q1131246',0,179787,179787,NULL,NULL,NULL,'邓航','gd0001',NULL,NULL,'410183197312122000','2014/03/26','广东代理商','邓航','15581666637',NULL,'张小明','17355704249','15587924@qq.com','广东'),('6199901Q124669038',0,179787,179787,NULL,NULL,NULL,'汕头建筑有限公司','gd0001',NULL,NULL,'tSTFE122000','2014/03/26','广东代理商','刘三','13750678987','liusanweixin','张小明','17355704249','15587924@qq.com','广东'),('620004962950130',0,189678,189678,NULL,NULL,NULL,'阿荣旗远东混凝土有限公司','gd0001',NULL,NULL,'57667809-2','2014/02/27','康富',NULL,NULL,NULL,'张小明','17355704249','15587924@qq.com','广东'),('65000552118980',0,623232,623232,NULL,NULL,NULL,'李四','gd0001',NULL,NULL,'43098005171529','2014/02/27','中发',NULL,NULL,NULL,'张小明','17355704249','15587924@qq.com','广东'),('6500056529319',0,6352278,6352278,NULL,NULL,NULL,'临猗县瑞帝斯混凝土有限公司','gd0001',NULL,NULL,'33262111086745','2014/02/27','汽车金融','邓丁','1344536364','dengdingweixin','张小明','17355704249','15587924@qq.com','广东'),('7719091004',0,679560,679560,NULL,NULL,NULL,'安福县名骏商品混凝土有限责任公司','gd0001',NULL,NULL,'61640871-7','2014/02/28','广东代理商','邓发','135678890','dengfaweixin','张小明','17355704249','15587924@qq.com','广东'),('77190916000004',0,679560,679560,NULL,NULL,NULL,'安福县名骏商品混凝土有限责任公司','gd0001',NULL,NULL,'61640871-7','2014/02/28','广东代理商','邓发','135678890','dengfaweixin','张小明','17355704249','15587924@qq.com','广东'),('7924130137',0,1422554,1422554,NULL,NULL,NULL,'安徽强大建筑集团有限公司','gd0001',NULL,NULL,'06066252-4','2014/03/26','广东代理商',NULL,NULL,NULL,'张小明','17355704249','15587924@qq.com','广东'),('79241316000137',0,1422554,1422554,NULL,NULL,NULL,'茂名建筑集团有限公司','gd0001',NULL,NULL,'06066252-4','2014/03/26','广东代理商',NULL,NULL,NULL,'张小明','17355704249','15587924@qq.com','广东'),('CB5128BG0446',50000,200000,800000,NULL,'2016/10/25',NULL,'合肥市常宏混凝土有限公司','ah0001','[1145]',NULL,NULL,'2016/09/20','安徽代理商',NULL,NULL,NULL,'许海中','13515648582','349260281@qq.com','安徽'),('KFZL1-654',0,1076565,1076565,NULL,NULL,NULL,'邓航','gd0001',NULL,NULL,'410183197312122000','2014/03/26','广东代理商','邓航','15581666637',NULL,'张小明','17355704249','15587924@qq.com','广东'),('KFZL2011-654',0,1076565,1076565,NULL,NULL,NULL,'汕尾建筑有限公司','gd0001',NULL,NULL,'4101REAFEW200','2014/03/26','广东代理商',NULL,NULL,NULL,'张小明','17355704249','15587924@qq.com','广东'),('KFZLfxe11-654',0,1076565,1076565,NULL,NULL,NULL,'安达市建安建筑工程有限公司','gd0001',NULL,NULL,'576932908T9-S','2014/03/26','广东代理商','刘飞','13760898909','liufeiweixin','张小明','17355704249','15587924@qq.com','广东'),('XTM1101108',0,179787,179787,NULL,NULL,NULL,'安徽华诚混凝土有限公司','gd0001',NULL,NULL,'57697899-4','2014/03/26','广东代理商',NULL,NULL,NULL,'张小明','17355704249','15587924@qq.com','广东'),('XTMeele01108',0,179787,179787,NULL,NULL,NULL,'清运混凝土有限公司','gd0001',NULL,NULL,'57697899-4','2014/03/26','广东代理商',NULL,NULL,NULL,'张小明','17355704249','15587924@qq.com','广东'),('中宏夸',0,10000,100000,NULL,NULL,NULL,'江西省伟顺建筑工程有限公司','jx0001',NULL,NULL,NULL,'2014/01/15','康富',NULL,NULL,NULL,'徐琴玲','18702514651','xuql3@sanyvdr.com','江西'),('分期款',0,340000,340000,NULL,NULL,NULL,'江西省伟顺建筑工程有限公司','jx0001',NULL,NULL,NULL,'2015/12/25','江西代理商',NULL,NULL,NULL,'徐琴玲','18702514651','xuql3@sanyvdr.com','江西'),('工时款',8160,0,8160,NULL,'2016/09/21',NULL,'南昌协达运输有限公司','jx0001','[1169]',NULL,'91360121343176307T','2016/10/17','江西代理商','邱继东','13801648233',NULL,'徐琴玲','18702514651','xuql3@sanyvdr.com','江西'),('康富款',0,587770.1,4310000,NULL,NULL,NULL,'江西省伟顺建筑工程有限公司','jx0001',NULL,NULL,NULL,'2014/01/15','康富',NULL,NULL,NULL,'徐琴玲','18702514651','xuql3@sanyvdr.com','江西'),('按揭款',0,1031207.88,4080000,NULL,NULL,NULL,'江西宜丰晟峰混凝土有限公司','jx0001',NULL,NULL,'91360924071836278Y','2014/05/15','康富','刘建军','13687952023',NULL,'徐琴玲','18702514651','xuql3@sanyvdr.com','江西'),('租赁款',85000,0,85000,NULL,'2016/09/21',NULL,'南昌协达运输有限公司','jx0001','[1169]',NULL,NULL,'2014/01/15','江西代理商',NULL,NULL,NULL,'徐琴玲','18702514651','xuql3@sanyvdr.com','江西'),('配件款',6840,120033.56,126873.56,NULL,'2016/09/21',NULL,'南昌协达运输有限公司','jx0001','[1169]',NULL,'91360121343176307T','2016/09/10','江西代理商','邱继东','13801648233',NULL,'徐琴玲','18702514651','xuql3@sanyvdr.com','江西');
/*!40000 ALTER TABLE `ori_order` ENABLE KEYS */;
UNLOCK TABLES;

--
-- Table structure for table `ori_order_backup`
--

DROP TABLE IF EXISTS `ori_order_backup`;
/*!40101 SET @saved_cs_client     = @@character_set_client */;
/*!40101 SET character_set_client = utf8 */;
CREATE TABLE `ori_order_backup` (
  `order_num` char(30) NOT NULL,
  `input` double DEFAULT NULL COMMENT '本月收入',
  `debt` double DEFAULT NULL,
  `total` double DEFAULT NULL,
  `state` char(15) DEFAULT NULL,
  `update_time` varchar(10) DEFAULT NULL,
  `remark` varchar(100) DEFAULT NULL,
  `client` varchar(60) DEFAULT NULL,
  `owner` varchar(20) DEFAULT NULL,
  `connect_bank` varchar(100) DEFAULT NULL COMMENT '关联的多条出纳',
  `customid` varchar(30) DEFAULT NULL COMMENT '对账联系人id',
  `cuscompanyid` varchar(30) DEFAULT NULL COMMENT '客户id',
  `product_time` varchar(10) DEFAULT NULL COMMENT '发货时间',
  `owner_product` varchar(60) DEFAULT NULL COMMENT '货款主体',
  `customname` varchar(60) DEFAULT NULL,
  `customphone` varchar(11) DEFAULT NULL,
  `customweixin` varchar(20) DEFAULT NULL,
  `asname` varchar(20) DEFAULT NULL,
  `asphone` varchar(11) DEFAULT NULL,
  `asemail` varchar(20) DEFAULT NULL,
  `province` varchar(20) DEFAULT NULL COMMENT '省份',
  PRIMARY KEY (`order_num`)
) ENGINE=InnoDB DEFAULT CHARSET=utf8 COMMENT='?????ϴ???ԭʼ?˵?';
/*!40101 SET character_set_client = @saved_cs_client */;

--
-- Dumping data for table `ori_order_backup`
--

LOCK TABLES `ori_order_backup` WRITE;
/*!40000 ALTER TABLE `ori_order_backup` DISABLE KEYS */;
/*!40000 ALTER TABLE `ori_order_backup` ENABLE KEYS */;
UNLOCK TABLES;

--
-- Table structure for table `pay_record`
--

DROP TABLE IF EXISTS `pay_record`;
/*!40101 SET @saved_cs_client     = @@character_set_client */;
/*!40101 SET character_set_client = utf8 */;
CREATE TABLE `pay_record` (
  `payer` char(30) NOT NULL COMMENT '付款人',
  `pay_money` double NOT NULL COMMENT '付款金额',
  `pay_way` varchar(30) NOT NULL COMMENT '付款方式',
  `pay_account` char(30) DEFAULT NULL COMMENT '付款账户',
  `id` int(11) NOT NULL AUTO_INCREMENT COMMENT '唯一id',
  `vicePayer` varchar(15) DEFAULT NULL,
  `receiver` varchar(60) DEFAULT NULL COMMENT '款项接受人',
  `connPerson` varchar(15) DEFAULT NULL COMMENT '对账联系人',
  `linkCer` varchar(100) DEFAULT NULL COMMENT '凭证保存路径',
  `bankinput_id` int(11) DEFAULT NULL COMMENT '关联的出纳id',
  `owner` varchar(60) DEFAULT NULL COMMENT '付款信息所属代理',
  `checkResult` char(1) DEFAULT NULL COMMENT '审阅结果',
  `pass` tinyint(1) DEFAULT NULL,
  `isconnect` tinyint(1) DEFAULT NULL COMMENT '是否和出纳关联',
  `many_pay` varchar(1000) DEFAULT NULL COMMENT '付款的合同号及金额',
  `upload_time` varchar(20) DEFAULT NULL COMMENT '上传时间',
  `contract_num` varchar(10) DEFAULT NULL,
  `caid` varchar(30) DEFAULT NULL COMMENT '对账id',
  `freeback` tinyint(1) DEFAULT '0' COMMENT '返利标志',
  PRIMARY KEY (`id`)
) ENGINE=InnoDB AUTO_INCREMENT=300 DEFAULT CHARSET=utf8;
/*!40101 SET character_set_client = @saved_cs_client */;

--
-- Dumping data for table `pay_record`
--

LOCK TABLES `pay_record` WRITE;
/*!40000 ALTER TABLE `pay_record` DISABLE KEYS */;
INSERT INTO `pay_record` VALUES ('邓航',1000,'现金','K78965',235,'','张三','denghang','/check_Accout/付款记录/gd0001/邓航/2016-11-09_09_37_01.png',0,'gd0001','N',0,0,'[{\"contract\":\"KFZL1-654\",\"money\":200},{\"contract\":\"6199901Q1131246\",\"money\":800}]','2016年11月09日09:37:01','','2016-11-gd0001',0),('安福县名骏商品混凝土有限责任公司',10000,'其他','D123456',236,'','广东工程机械有限公司','dengfa','/check_Accout/付款记录/gd0001/安福县名骏商品混凝土有限责任公司/2016-11-09_09_40_59.jpg',0,'gd0001','N',0,0,'[{\"contract\":\"77190916000004\",\"money\":2000},{\"contract\":\"7719091004\",\"money\":2000},{\"contract\":\"50821216000465\",\"money\":6000}]','2016年11月09日09:40:59','','2016-11-gd0001',0),('安达市建安建筑工程有限公司',1600,'电汇','B123456',237,'','广东工程机械有限公司','liufei','/check_Accout/付款记录/gd0001/安达市建安建筑工程有限公司/2016-11-09_09_46_05.jpg',0,'gd0001','N',0,0,'[{\"contract\":\"KFZLfxe11-654\",\"money\":1600}]','2016年11月09日09:46:05','','2016-11-gd0001',0),('安达市建安建筑工程有限公司',1600,'电汇','B123456',238,'','广东工程机械有限公司','liufei','/check_Accout/付款记录/gd0001/安达市建安建筑工程有限公司/2016-11-09_09_46_05.jpg',0,'gd0001','N',0,0,'[{\"contract\":\"KFZLfxe11-654\",\"money\":1600}]','2016年11月09日09:46:05','','2016-11-gd0001',0),('邓航',1000,'现金','K78965',239,'','张三','denghang','/check_Accout/付款记录/gd0001/邓航/2016-11-09_09_37_01.png',0,'gd0001','N',0,0,'[{\"contract\":\"KFZL1-654\",\"money\":200},{\"contract\":\"6199901Q1131246\",\"money\":800}]','2016年11月09日09:37:01','','2016-11-gd0001',0),('安福县名骏商品混凝土有限责任公司',10000,'其他','D123456',240,'','广东工程机械有限公司','dengfa','/check_Accout/付款记录/gd0001/安福县名骏商品混凝土有限责任公司/2016-11-09_09_40_59.jpg',0,'gd0001','N',0,0,'[{\"contract\":\"77190916000004\",\"money\":2000},{\"contract\":\"7719091004\",\"money\":2000},{\"contract\":\"50821216000465\",\"money\":6000}]','2016年11月09日09:40:59','','2016-11-gd0001',0),('安达市建安建筑工程有限公司',1600,'电汇','B123456',241,'','广东工程机械有限公司','liufei','/check_Accout/付款记录/gd0001/安达市建安建筑工程有限公司/2016-11-09_09_46_05.jpg',0,'gd0001','N',0,0,'[{\"contract\":\"KFZLfxe11-654\",\"money\":1600}]','2016年11月09日09:46:05','','2016-11-gd0001',0),('安达市建安建筑工程有限公司',1600,'电汇','B123456',242,'','广东工程机械有限公司','liufei','/check_Accout/付款记录/gd0001/安达市建安建筑工程有限公司/2016-11-09_09_46_05.jpg',0,'gd0001','N',0,0,'[{\"contract\":\"KFZLfxe11-654\",\"money\":1600}]','2016年11月09日09:46:05','','2016-11-gd0001',0),('邓航',1000,'现金','K78965',243,'','张三','denghang','/check_Accout/付款记录/gd0001/邓航/2016-11-09_09_37_01.png',0,'gd0001','N',0,0,'[{\"contract\":\"KFZL1-654\",\"money\":200},{\"contract\":\"6199901Q1131246\",\"money\":800}]','2016年11月09日09:37:01','','2016-11-gd0001',0),('安福县名骏商品混凝土有限责任公司',10000,'其他','D123456',244,'','广东工程机械有限公司','dengfa','/check_Accout/付款记录/gd0001/安福县名骏商品混凝土有限责任公司/2016-11-09_09_40_59.jpg',0,'gd0001','N',0,0,'[{\"contract\":\"77190916000004\",\"money\":2000},{\"contract\":\"7719091004\",\"money\":2000},{\"contract\":\"50821216000465\",\"money\":6000}]','2016年11月09日09:40:59','','2016-11-gd0001',0),('安达市建安建筑工程有限公司',1600,'电汇','B123456',245,'','广东工程机械有限公司','liufei','/check_Accout/付款记录/gd0001/安达市建安建筑工程有限公司/2016-11-09_09_46_05.jpg',0,'gd0001','N',0,0,'[{\"contract\":\"KFZLfxe11-654\",\"money\":1600}]','2016年11月09日09:46:05','','2016-11-gd0001',0),('安达市建安建筑工程有限公司',1600,'电汇','B123456',246,'','广东工程机械有限公司','liufei','/check_Accout/付款记录/gd0001/安达市建安建筑工程有限公司/2016-11-09_09_46_05.jpg',0,'gd0001','N',0,0,'[{\"contract\":\"KFZLfxe11-654\",\"money\":1600}]','2016年11月09日09:46:05','','2016-11-gd0001',0),('邓航',1000,'现金','K78965',247,'','张三','denghang','/check_Accout/付款记录/gd0001/邓航/2016-11-09_09_37_01.png',0,'gd0001','N',0,0,'[{\"contract\":\"KFZL1-654\",\"money\":200},{\"contract\":\"6199901Q1131246\",\"money\":800}]','2016年11月09日09:37:01','','2016-11-gd0001',0),('安福县名骏商品混凝土有限责任公司',10000,'其他','D123456',248,'','广东工程机械有限公司','dengfa','/check_Accout/付款记录/gd0001/安福县名骏商品混凝土有限责任公司/2016-11-09_09_40_59.jpg',0,'gd0001','N',0,0,'[{\"contract\":\"77190916000004\",\"money\":2000},{\"contract\":\"7719091004\",\"money\":2000},{\"contract\":\"50821216000465\",\"money\":6000}]','2016年11月09日09:40:59','','2016-11-gd0001',0),('安达市建安建筑工程有限公司',1600,'电汇','B123456',249,'','广东工程机械有限公司','liufei','/check_Accout/付款记录/gd0001/安达市建安建筑工程有限公司/2016-11-09_09_46_05.jpg',0,'gd0001','N',0,0,'[{\"contract\":\"KFZLfxe11-654\",\"money\":1600}]','2016年11月09日09:46:05','','2016-11-gd0001',0),('安达市建安建筑工程有限公司',1600,'电汇','B123456',250,'','广东工程机械有限公司','liufei','/check_Accout/付款记录/gd0001/安达市建安建筑工程有限公司/2016-11-09_09_46_05.jpg',0,'gd0001','N',0,0,'[{\"contract\":\"KFZLfxe11-654\",\"money\":1600}]','2016年11月09日09:46:05','','2016-11-gd0001',0),('邓航',1000,'现金','K78965',251,'','张三','denghang','/check_Accout/付款记录/gd0001/邓航/2016-11-09_09_37_01.png',0,'gd0001','N',0,0,'[{\"contract\":\"KFZL1-654\",\"money\":200},{\"contract\":\"6199901Q1131246\",\"money\":800}]','2016年11月09日09:37:01','','2016-11-gd0001',0),('安福县名骏商品混凝土有限责任公司',10000,'其他','D123456',252,'','广东工程机械有限公司','dengfa','/check_Accout/付款记录/gd0001/安福县名骏商品混凝土有限责任公司/2016-11-09_09_40_59.jpg',0,'gd0001','N',0,0,'[{\"contract\":\"77190916000004\",\"money\":2000},{\"contract\":\"7719091004\",\"money\":2000},{\"contract\":\"50821216000465\",\"money\":6000}]','2016年11月09日09:40:59','','2016-11-gd0001',0),('安达市建安建筑工程有限公司',1600,'电汇','B123456',253,'','广东工程机械有限公司','liufei','/check_Accout/付款记录/gd0001/安达市建安建筑工程有限公司/2016-11-09_09_46_05.jpg',0,'gd0001','N',0,0,'[{\"contract\":\"KFZLfxe11-654\",\"money\":1600}]','2016年11月09日09:46:05','','2016-11-gd0001',0),('安达市建安建筑工程有限公司',1600,'电汇','B123456',254,'','广东工程机械有限公司','liufei','/check_Accout/付款记录/gd0001/安达市建安建筑工程有限公司/2016-11-09_09_46_05.jpg',0,'gd0001','N',0,0,'[{\"contract\":\"KFZLfxe11-654\",\"money\":1600}]','2016年11月09日09:46:05','','2016-11-gd0001',0),('邓航',438,'网银转账','K78965',255,'','周洁','denghang','/check_Accout/付款记录/ah0001/邓航/2016-11-10_16_38_50.jpg',0,'ah0001','W',0,0,'[{\"contract\":\"6199901Q1131246\",\"money\":437},{\"contract\":\"KFZL1-654\",\"money\":1}]','2016年11月10日16:38:50','','2016-11-ah0001',0),('江西宜丰晟峰混凝土有限公司',50000,'网银转账','undefined',256,'','江西大豫丰工程机械有限公司','liu100993','/check_Accout/付款记录/jx0001/江西宜丰晟峰混凝土有限公司/2016-11-11_15_07_37.jpg',NULL,'jx0001','N',0,0,'[]','2016年11月11日15:07:37','','2016-11-jx0001',1),('安福县名骏商品混凝土有限责任公司',8548,'网银转账','D123456',257,'','牛','dengfa','/check_Accout/付款记录/ah0001/安福县名骏商品混凝土有限责任公司/2016-11-11_16_46_12.jpg',0,'ah0001','W',0,0,'[{\"contract\":\"50821216000465\",\"money\":558},{\"contract\":\"7719091004\",\"money\":1000},{\"contract\":\"77190916000004\",\"money\":6990}]','2016年11月11日16:46:12','','2016-11-ah0001',0),('江西宜丰晟峰混凝土有限公司',24200,'网银转账','undefined',258,'','江西大豫丰工程机械有限公司','liu100993','/check_Accout/付款记录/jx0001/江西宜丰晟峰混凝土有限公司/2016-11-14_15_25_48.jpg',NULL,'jx0001','N',0,0,'[]','2016年11月14日15:25:48','','2016-11-jx0001',1),('江西宜丰晟峰混凝土有限公司',50000,'网银转账','undefined',259,'','江西大豫丰工程机械有限公司','liu100993','/check_Accout/付款记录/jx0001/江西宜丰晟峰混凝土有限公司/2016-11-14_15_29_03.jpg',NULL,'jx0001','N',0,0,'[]','2016年11月14日15:29:03','','2016-11-jx0001',1),('景德镇市古镇混凝土有限公司',50000,'网银转账','undefined',260,'','江西大豫丰','jdzgz','/check_Accout/付款记录/jx0001/景德镇市古镇混凝土有限公司/2016-11-14_16_02_26.jpg',0,'jx0001','N',0,0,'[]','2016年11月14日16:02:26','','2016-11-jx0001',0),('景德镇市古镇混凝土有限公司',119305,'网银转账','undefined',261,'','中国康富国际租赁股份有限公司','jdzgz','/check_Accout/付款记录/jx0001/景德镇市古镇混凝土有限公司/2016-11-14_16_17_49.jpg',0,'jx0001','N',0,0,'[{\"contract\":\"kfzl2014-0008\",\"money\":119305}]','2016年11月14日16:17:49','','2016-11-jx0001',0),('景德镇市古镇混凝土有限公司',311966,'网银转账','undefined',262,'','中国康富国际租赁股份有限公司','jdzgz','/check_Accout/付款记录/jx0001/景德镇市古镇混凝土有限公司/2016-11-14_16_20_28.jpg',0,'jx0001','N',0,0,'[{\"contract\":\"kfzl2014-0084\",\"money\":311966}]','2016年11月14日16:20:28','','2016-11-jx0001',0),('景德镇市古镇混凝土有限公司',119305,'网银转账','undefined',263,'','中国康富国际租赁股份有限公司','jdzgz','/check_Accout/付款记录/jx0001/景德镇市古镇混凝土有限公司/2016-11-14_16_21_40.jpg',0,'jx0001','N',0,0,'[{\"contract\":\"kfzl2014-0008\",\"money\":119305}]','2016年11月14日16:21:40','','2016-11-jx0001',0),('景德镇市古镇混凝土有限公司',311966,'网银转账','undefined',264,'','中国康富国际租赁股份有限公司','jdzgz','/check_Accout/付款记录/jx0001/景德镇市古镇混凝土有限公司/2016-11-14_16_22_37.jpg',0,'jx0001','N',0,0,'[{\"contract\":\"kfzl2014-0084\",\"money\":311966}]','2016年11月14日16:22:37','','2016-11-jx0001',0),('张野',50000,'现金','undefined',265,'','undefined','周洁','/check_Accout/付款记录/ah0001/张野/2016-11-14_20_14_17.jpg',0,'ah0001','W',0,0,'[]','2016年11月14日20:14:17','','2016-11-ah0001',0),('',50000,'网银转账','undefined',266,'','安徽良亿工程设备有限公司','安徽良亿','/check_Accout/付款记录/ah0001//2016-11-15_08_45_20.jpg',0,'ah0001','N',0,0,'[{\"contract\":\"700026257\",\"money\":50000}]','2016年11月15日08:45:20','','2016-11-ah0001',0),('',50000,'网银转账','undefined',267,'','安徽良亿工程设备有限公司','安徽良亿','/check_Accout/付款记录/ah0001//2016-11-15_09_50_01.jpg',0,'ah0001','W',0,0,'[]','2016年11月15日09:50:01','','2016-11-ah0001',0),('张野',5000,'网银转账','undefined',268,'','那谁','周洁','/check_Accout/付款记录/ah0001/张野/2016-11-15_10_06_43.png',0,'ah0001','W',0,0,'[]','2016年11月15日10:06:43','','2016-11-ah0001',0),('邓航',1000,'网银转账','K78965',269,'','广东代理商','denghang','/check_Accout/付款记录/gd0001/邓航/2016-11-15_09_38_33.jpg',0,'gd0001',NULL,0,0,'[{\"contract\":\"6199901Q1131246\",\"money\":1000}]','2016年11月15日09:38:33','','2016-11-gd0001',0),('邓航',1000,'网银转账','K78965',270,'','广东代理商','denghang','/check_Accout/付款记录/gd0001/邓航/2016-11-15_09_41_38.jpg',0,'gd0001',NULL,0,0,'[{\"contract\":\"6199901Q1131246\",\"money\":1000}]','2016年11月15日09:41:38','','2016-11-gd0001',0),('南昌协达运输有限公司',30000,'网银转账','undefined',271,'','江西大豫丰工程机械有限公司203719625510','清韵如诗','/check_Accout/付款记录/jx0001/南昌协达运输有限公司/2016-11-15_10_30_15.jpg',0,'jx0001','W',0,0,'[{\"contract\":\"20160801\",\"money\":30000}]','2016年11月15日10:30:15','','2016-11-jx0001',1),('南昌协达运输有限公司',100000,'银行承诺汇票','undefined',272,'','江西大豫丰工程机械有限公司','清韵如诗','/check_Accout/付款记录/jx0001/南昌协达运输有限公司/2016-11-15_10_32_09.jpg',NULL,'jx0001','N',0,0,'[{\"contract\":\"20160918\",\"money\":100000}]','2016年11月15日10:32:09','','2016-11-jx0001',1),('南昌协达运输有限公司',50000,'网银转账','undefined',273,'','江西大豫丰工程机械有限公司','清韵如诗','/check_Accout/付款记录/jx0001/南昌协达运输有限公司/2016-11-15_10_34_30.jpg',0,'jx0001','W',0,0,'[{\"contract\":\"20160929\",\"money\":50000}]','2016年11月15日10:34:30','','2016-11-jx0001',1),('湖南一旺科技有限公司',10000,'网银转账','undefined',274,'','周洁','danielwen1','/check_Accout/付款记录/xj0001/湖南一旺科技有限公司/2016-11-15_08_53_54.png',0,'xj0001',NULL,0,0,'[{\"contract\":\"720P\",\"money\":9000},{\"contract\":\"1080P\",\"money\":1000}]','2016年11月15日08:53:54','','2016-11-xj0001',0),('太湖瑞狮建材有限公司',100000,'网银转账','undefined',275,'','安徽良亿工程设备有限公司','张三','/check_Accout/付款记录/ah0001/太湖瑞狮建材有限公司/2016-11-15_14_18_11.jpg',NULL,'ah0001','W',0,0,'[{\"contract\":\"13BC54180383\",\"money\":100000}]','2016年11月15日14:18:11','','2016-11-ah0001',0),('太湖瑞狮建材有限公司',100000,'网银转账','undefined',276,'','安徽良亿工程设备有限公司','张三','/check_Accout/付款记录/ah0001/太湖瑞狮建材有限公司/2016-11-15_14_29_16.jpg',0,'ah0001','W',0,0,'[{\"contract\":\"13BC54180383\",\"money\":100000}]','2016年11月15日14:29:16','','2016-11-ah0001',0),('合肥市常宏混凝土有限公司',50000,'网银转账','34001464508053003089',277,'','安徽良亿工程设备有限公司','王五','/check_Accout/付款记录/ah0001/合肥市常宏混凝土有限公司/2016-11-15_14_47_56.jpg',1145,'ah0001','Y',0,1,'[{\"contract\":\"CB5128BG0446\",\"money\":50000}]','2016年11月15日14:47:56','','2016-11-ah0001',0),('南昌协达运输有限公司',1000,'网银转账','787030100100090126',278,'','Simon','清韵如诗','/check_Accout/付款记录/jx0001/南昌协达运输有限公司/2016-11-15_16_37_43.jpg',0,'jx0001','N',0,0,'[{\"contract\":\"5.500329522E9\",\"money\":400},{\"contract\":\"5.620022374E9\",\"money\":400},{\"contract\":\"S000235201610170003 \",\"money\":100},{\"contract\":\"S000235201610310006 \",\"money\":100}]','2016年11月15日16:37:43','','2016-11-jx0001',0),('南昌协达运输有限公司',1000,'网银转账','undefined',279,'','dgf','清韵如诗','/check_Accout/付款记录/jx0001/南昌协达运输有限公司/2016-11-15_16_56_24.jpg',0,'jx0001','N',0,0,'[{\"contract\":\"5.500329522E9\",\"money\":200},{\"contract\":\"5.620022374E9\",\"money\":800}]','2016年11月15日16:56:24','','2016-11-jx0001',0),('南昌协达运输有限公司',1000,'网银转账','undefined',280,'','sff','清韵如诗','/check_Accout/付款记录/jx0001/南昌协达运输有限公司/2016-11-15_17_18_01.jpg',0,'jx0001','W',0,0,'[{\"contract\":\"5.500329522E9\",\"money\":1000}]','2016年11月15日17:18:01','','2016-11-jx0001',1),('南昌协达运输有限公司',1200,'网银转账','787030100100090126',281,'','126','清韵如诗','/check_Accout/付款记录/jx0001/南昌协达运输有限公司/2016-11-15_17_53_30.jpg',0,'jx0001','N',0,0,'[{\"contract\":\"5.500329522E9\",\"money\":1200}]','2016年11月15日17:53:30','','2016-11-jx0001',0),('南昌协达运输有限公司',1500,'网银转账','undefined',282,'','dvd','清韵如诗','/check_Accout/付款记录/jx0001/南昌协达运输有限公司/2016-11-15_18_02_34.jpg',0,'jx0001','N',0,0,'[{\"contract\":\"5.500329522E9\",\"money\":1500}]','2016年11月15日18:02:34','','2016-11-jx0001',0),('南昌协达运输有限公司',1200,'网银转账','787030100100090126',283,'','123','清韵如诗','/check_Accout/付款记录/jx0001/南昌协达运输有限公司/2016-11-15_18_07_15.jpg',0,'jx0001','N',0,0,'[{\"contract\":\"5.500329522E9\",\"money\":1200}]','2016年11月15日18:07:15','','2016-11-jx0001',0),('南昌协达运输有限公司',1300,'网银转账','787030100100090126',284,'','12','清韵如诗','/check_Accout/付款记录/jx0001/南昌协达运输有限公司/2016-11-15_18_09_58.jpg',0,'jx0001','N',0,0,'[{\"contract\":\"5.500329522E9\",\"money\":1300}]','2016年11月15日18:09:58','','2016-11-jx0001',0),('南昌协达运输有限公司',1400,'网银转账','undefined',285,'','13','清韵如诗','/check_Accout/付款记录/jx0001/南昌协达运输有限公司/2016-11-15_18_10_48.jpg',0,'jx0001','N',0,0,'[{\"contract\":\"5.500329522E9\",\"money\":1400}]','2016年11月15日18:10:48','','2016-11-jx0001',0),('南昌协达运输有限公司',1500,'网银转账','undefined',286,'','13','清韵如诗','/check_Accout/付款记录/jx0001/南昌协达运输有限公司/2016-11-15_18_12_19.jpg',0,'jx0001','N',0,0,'[{\"contract\":\"5.500329522E9\",\"money\":1500}]','2016年11月15日18:12:19','','2016-11-jx0001',0),('南昌协达运输有限公司',1000,'网银转账','undefined',287,'','fggg','清韵如诗','/check_Accout/付款记录/jx0001/南昌协达运输有限公司/2016-11-15_22_53_34.jpg',0,'jx0001','N',0,0,'[{\"contract\":\"5.500329522E9\",\"money\":1000}]','2016年11月15日22:53:34','','2016-11-jx0001',0),('南昌协达运输有限公司',1000,'网银转账','787030100100090126',288,'','123','清韵如诗','/check_Accout/付款记录/jx0001/南昌协达运输有限公司/2016-11-15_22_57_52.jpg',0,'jx0001','N',0,0,'[{\"contract\":\"5.500329522E9\",\"money\":1000}]','2016年11月15日22:57:52','','2016-11-jx0001',0),('邓过房',720000,'网银转账','6217866500001746771',289,'','江西大豫丰','01234567','/check_Accout/付款记录/jx0001/邓过房/2016-11-16_15_17_10.jpg',NULL,'jx0001','W',0,0,'[{\"contract\":\"SYJXF20130000159\",\"money\":720000}]','2016年11月16日15:17:10','','2016-11-jx0001',1),('南昌协达运输有限公司',100000,'银行承诺汇票','',290,'','江西大豫丰工程机械有限公司','婧琳','/check_Accout/付款记录/jx0001/南昌协达运输有限公司/2016-11-16_15_35_50.jpg',NULL,'jx0001','W',0,0,'[{\"contract\":\"5620022374\",\"money\":91840},{\"contract\":\"s000235201610170003\",\"money\":2400},{\"contract\":\"s000235201610310006\",\"money\":5760}]','2016年11月16日15:35:50','','2016-11-jx0001',1),('吴春莲',90000,'网银转账','程海生',291,'','江西大豫丰工程机械有限公司','102','/check_Accout/付款记录/jx0001/吴春莲/2016-11-16_15_47_57.jpg',0,'jx0001','W',0,0,'[{\"contract\":\"JX001\",\"money\":40000},{\"contract\":\"JX002\",\"money\":50000}]','2016年11月16日15:47:57','','2016-11-jx0001',1),('江西伟顺建筑工程有限公司',110000,'网银转账','',292,'','江西大豫丰工程机械有限公司','晨曦','/check_Accout/付款记录/jx0001/江西伟顺建筑工程有限公司/2016-11-18_17_01_43.jpg',0,'jx0001','N',0,0,'[]','2016年11月18日17:01:43','','2016-11-jx0001',0),('江西伟顺建筑工程有限公司',100000,'网银转账','',293,'','江西大豫丰工程机械有限公司','晨曦','/check_Accout/付款记录/jx0001/江西伟顺建筑工程有限公司/2016-11-18_17_04_11.jpg',0,'jx0001','N',0,0,'[{\"contract\":\"分期\",\"money\":100000}]','2016年11月18日17:04:11','','2016-11-jx0001',0),('江西伟顺建筑工程有限公司',130000,'网银转账','undefined',294,'','江西大豫丰工程机械有限公司','晨曦','/check_Accout/付款记录/jx0001/江西伟顺建筑工程有限公司/2016-11-18_17_04_52.jpg',0,'jx0001','N',0,0,'[{\"contract\":\"分期\",\"money\":130000}]','2016年11月18日17:04:52','','2016-11-jx0001',0),('江西伟顺建筑工程有限公司',100000,'网银转账','',295,'','江西大豫丰工程机械有限公司','晨曦','/check_Accout/付款记录/jx0001/江西伟顺建筑工程有限公司/2016-11-18_17_19_54.jpg',1171,'jx0001','Y',0,1,'[{\"contract\":\"分期\",\"money\":100000}]','2016年11月18日17:19:54','','2016-11-jx0001',1),('江西伟顺建筑工程有限公司',110000,'网银转账','',296,'','江西大豫丰工程机械有限公司','晨曦','/check_Accout/付款记录/jx0001/江西伟顺建筑工程有限公司/2016-11-18_17_27_53.jpg',1170,'jx0001','Y',0,1,'[{\"contract\":\"分期\",\"money\":110000}]','2016年11月18日17:27:53','','2016-11-jx0001',1),('江西伟顺建筑工程有限公司',130000,'网银转账','undefined',297,'','江西大豫丰工程机械有限公司','晨曦','/check_Accout/付款记录/jx0001/江西伟顺建筑工程有限公司/2016-11-18_17_28_21.jpg',1172,'jx0001','Y',0,1,'[{\"contract\":\"分期\",\"money\":130000}]','2016年11月18日17:28:21','','2016-11-jx0001',1),('南昌协达运输有限公司',21495.6,'网银转账','undefined',298,'','undefined','婧琳','/check_Accout/付款记录/jx0001/南昌协达运输有限公司/2016-11-18_17_31_19.jpeg',NULL,'jx0001','N',0,0,'[{\"contract\":\"配件款\",\"money\":15735.6},{\"contract\":\"工时款\",\"money\":5760}]','2016年11月18日17:31:19','','2016-11-jx0001',1),('南昌协达运输有限公司',100000,'银行承诺汇票','undefined',299,'','undefined','婧琳','/check_Accout/付款记录/jx0001/南昌协达运输有限公司/2016-11-18_17_48_52.png',1169,'jx0001','Y',0,1,'[{\"contract\":\"租赁款\",\"money\":85000},{\"contract\":\"配件款\",\"money\":6840},{\"contract\":\"工时款\",\"money\":8160}]','2016年11月18日17:48:52','','2016-11-jx0001',0);
/*!40000 ALTER TABLE `pay_record` ENABLE KEYS */;
UNLOCK TABLES;

--
-- Table structure for table `pay_record_cache`
--

DROP TABLE IF EXISTS `pay_record_cache`;
/*!40101 SET @saved_cs_client     = @@character_set_client */;
/*!40101 SET character_set_client = utf8 */;
CREATE TABLE `pay_record_cache` (
  `payer` char(30) NOT NULL COMMENT '付款人',
  `pay_money` double NOT NULL COMMENT '付款金额',
  `pay_way` varchar(30) NOT NULL COMMENT '付款方式',
  `pay_account` char(30) DEFAULT NULL COMMENT '付款账户',
  `id` int(11) NOT NULL AUTO_INCREMENT COMMENT '唯一id',
  `vicePayer` varchar(15) DEFAULT NULL,
  `receiver` varchar(60) DEFAULT NULL COMMENT '款项接受人',
  `connPerson` varchar(15) DEFAULT NULL COMMENT '对账联系人',
  `linkCer` varchar(100) DEFAULT NULL COMMENT '凭证保存路径',
  `bankinput_id` int(11) DEFAULT NULL COMMENT '关联的出纳id',
  `owner` varchar(60) DEFAULT NULL COMMENT '付款信息所属代理',
  `checkResult` char(1) DEFAULT NULL COMMENT '审阅结果',
  `pass` tinyint(1) DEFAULT NULL,
  `isconnect` tinyint(1) DEFAULT NULL COMMENT '是否和出纳关联',
  `many_pay` varchar(1000) DEFAULT NULL COMMENT '付款的合同号及金额',
  `upload_time` varchar(20) DEFAULT NULL COMMENT '上传时间',
  `contract_num` varchar(10) DEFAULT NULL,
  `caid` varchar(30) DEFAULT NULL COMMENT '对账id',
  `freeback` tinyint(1) DEFAULT '0' COMMENT '返利标志',
  PRIMARY KEY (`id`)
) ENGINE=InnoDB AUTO_INCREMENT=895 DEFAULT CHARSET=utf8;
/*!40101 SET character_set_client = @saved_cs_client */;

--
-- Dumping data for table `pay_record_cache`
--

LOCK TABLES `pay_record_cache` WRITE;
/*!40000 ALTER TABLE `pay_record_cache` DISABLE KEYS */;
INSERT INTO `pay_record_cache` VALUES ('邓航',1000,'网银转账','K78965',872,NULL,'Simon','denghang','/check_Accout/付款记录/gd0001/邓航/2016-11-15_12_54_55.jpg',NULL,'gd0001',NULL,0,0,'[{\"contract\":\"6199901Q1131246\",\"money\":400},{\"contract\":\"KFZL1-654\",\"money\":600}]','2016年11月15日12:54:55',NULL,'2016-11-gd0001',NULL),('邓航',1000,'网银转账','K78965',873,NULL,'zxm','denghang','/check_Accout/付款记录/gd0001/邓航/2016-11-15_13_06_25.jpg',NULL,'gd0001',NULL,0,0,'[{\"contract\":\"6199901Q1131246\",\"money\":400},{\"contract\":\"KFZL1-654\",\"money\":600}]','2016年11月15日13:06:25',NULL,'2016-11-gd0001',NULL),('邓航',1000,'网银转账','K78965',874,NULL,'zhamg','denghang','/check_Accout/付款记录/gd0001/邓航/2016-11-15_13_16_15.jpg',NULL,'gd0001',NULL,0,0,'[{\"contract\":\"6199901Q1131246\",\"money\":200},{\"contract\":\"KFZL1-654\",\"money\":800}]','2016年11月15日13:16:15',NULL,'2016-11-gd0001',NULL),('邓航',100,'网银转账','undefined',889,NULL,'就用','denghang','/check_Accout/付款记录/gd0001/邓航/2016-11-15_18_16_50.png',NULL,'gd0001',NULL,0,0,'[{\"contract\":\"6199901Q1131246\",\"money\":100}]','2016年11月15日18:16:50',NULL,'2016-11-gd0001',NULL),('邓航',484,'网银转账','6666',893,NULL,'undefined','denghang','/check_Accout/付款记录/gd0001/邓航/2016-11-15_23_15_37.png',NULL,'gd0001',NULL,0,0,'[]','2016年11月15日23:15:37',NULL,'2016-11-gd0001',NULL),('湖南一旺科技有限公司',4565,'柜台电汇','undefined',894,NULL,'466645','danielwen1','/check_Accout/付款记录/xc0001/湖南一旺科技有限公司/2016-11-16_14_44_47.jpg',NULL,'xc0001',NULL,0,0,'[{\"contract\":\"适当的方式\",\"money\":55565}]','2016年11月16日14:44:47',NULL,'2016-11-xc0001',NULL);
/*!40000 ALTER TABLE `pay_record_cache` ENABLE KEYS */;
UNLOCK TABLES;

--
-- Table structure for table `pay_record_history`
--

DROP TABLE IF EXISTS `pay_record_history`;
/*!40101 SET @saved_cs_client     = @@character_set_client */;
/*!40101 SET character_set_client = utf8 */;
CREATE TABLE `pay_record_history` (
  `payer` char(30) NOT NULL COMMENT '付款人',
  `pay_money` double NOT NULL COMMENT '付款金额',
  `pay_way` varchar(30) NOT NULL COMMENT '付款方式',
  `pay_account` char(30) DEFAULT NULL COMMENT '付款账户',
  `id` int(11) NOT NULL AUTO_INCREMENT COMMENT '唯一id',
  `vicePayer` varchar(15) DEFAULT NULL,
  `receiver` varchar(60) DEFAULT NULL COMMENT '款项接受人',
  `connPerson` varchar(15) DEFAULT NULL COMMENT '对账联系人',
  `linkCer` varchar(100) DEFAULT NULL COMMENT '凭证保存路径',
  `bankinput_id` int(11) DEFAULT NULL COMMENT '关联的出纳id',
  `owner` varchar(60) DEFAULT NULL COMMENT '付款信息所属代理',
  `checkResult` char(1) DEFAULT NULL COMMENT '审阅结果',
  `pass` tinyint(1) DEFAULT NULL,
  `isconnect` tinyint(1) DEFAULT NULL COMMENT '是否和出纳关联',
  `many_pay` varchar(1000) DEFAULT NULL COMMENT '付款的合同号及金额',
  `upload_time` varchar(20) DEFAULT NULL COMMENT '上传时间',
  `contract_num` varchar(10) DEFAULT NULL,
  `caid` varchar(30) DEFAULT NULL COMMENT '对账id,本次对账的标志',
  `freeback` tinyint(1) DEFAULT '0' COMMENT '返利标志',
  PRIMARY KEY (`id`)
) ENGINE=InnoDB AUTO_INCREMENT=21 DEFAULT CHARSET=utf8;
/*!40101 SET character_set_client = @saved_cs_client */;

--
-- Dumping data for table `pay_record_history`
--

LOCK TABLES `pay_record_history` WRITE;
/*!40000 ALTER TABLE `pay_record_history` DISABLE KEYS */;
INSERT INTO `pay_record_history` VALUES ('临猗县瑞帝斯混凝土有限公司',5000,'其他','E123456',11,'','广东工程机械有限公司','dengding','/check_Accout/付款记录/gd0001/临猗县瑞帝斯混凝土有限公司/2016-10-19_22_27_34.jpg',0,'gd0001','N',0,0,'[{\"contract\":\"6500056529319\",\"money\":5000}]','2016年10月19日22:27:34','','2016-10-gd0001',1),('汕头建筑有限公司',5180,'现金','',12,'','赵七','liusan','/check_Accout/付款记录/gd0001/汕头建筑有限公司/2016-10-20_06_57_41.jpg',0,'gd0001','W',0,0,'[{\"contract\":\"6199901Q124669038\",\"money\":5180}]','2016年10月20日06:57:41','','2016-10-gd0001',1),('李四',3698.38,'现金','',13,'','王五','lisi','/check_Accout/付款记录/gd0001/李四/2016-10-20_07_59_46.jpg',0,'gd0001','N',0,0,'[{\"contract\":\"65000552118980\",\"money\":3698.38}]','2016年10月20日07:59:46','','2016-10-gd0001',1),('三一测试公司',1000,'网银转账','D123456',14,'','测试','test','/check_Accout/付款记录/gd0001/三一测试公司/2016-10-20_15_01_55.webp',0,'gd0001','N',0,0,'[{\"contract\":\"5082121600046\",\"money\":300},{\"contract\":\"771909100\",\"money\":300},{\"contract\":\"7719091600000\",\"money\":400}]','2016年10月20日15:01:55','','2016-10-gd0001',0),('邓航',1000,'网银转账','K78965',15,'','张三','denghang','/check_Accout/付款记录/gd0001/邓航/2016-10-20_16_30_47.jpg',0,'gd0001','N',0,0,'[{\"contract\":\"6199901Q1131246\",\"money\":500},{\"contract\":\"KFZL1-654\",\"money\":500}]','2016年10月20日16:30:47','','2016-10-gd0001',1),('邓航',1000,'网银转账','K78965',16,'','里斯','denghang','/check_Accout/付款记录/gd0001/邓航/2016-10-20_16_32_56.jpg',0,'gd0001','N',0,0,'[{\"contract\":\"6199901Q1131246\",\"money\":500},{\"contract\":\"KFZL1-654\",\"money\":300}]','2016年10月20日16:32:56','','2016-10-gd0001',0),('安福县名骏商品混凝土有限责任公司',10000,'网银转账','D123456',17,'','广东工程机械有限公司','dengfa','/check_Accout/付款记录/gd0001/安福县名骏商品混凝土有限责任公司/2016-10-20_16_33_25.jpg',0,'gd0001','N',0,0,'[{\"contract\":\"50821216000465\",\"money\":4000},{\"contract\":\"7719091004\",\"money\":4000},{\"contract\":\"77190916000004\",\"money\":2000}]','2016年10月20日16:33:25','','2016-10-gd0001',1),('安达市建安建筑工程有限公司',1600,'电汇','B123456',18,'','广东工程有限公司','liufei','/check_Accout/付款记录/gd0001/安达市建安建筑工程有限公司/2016-10-20_17_09_14.jpg',0,'gd0001','N',0,0,'[{\"contract\":\"KFZLfxe11-654\",\"money\":1600}]','2016年10月20日17:09:14','','2016-10-gd0001',0),('邓航',777,'银行承诺汇票','K78965',19,'','Hhh','denghang','/check_Accout/付款记录/gd0001/邓航/2016-10-20_17_13_07.jpg',0,'gd0001','N',0,0,'[{\"contract\":\"6199901Q1131246\",\"money\":888},{\"contract\":\"KFZL1-654\",\"money\":654}]','2016年10月20日17:13:07','','2016-10-gd0001',0),('邓航',200,'网银转账','K78965',20,'','张三','denghang','/check_Accout/付款记录/gd0001/邓航/2016-10-20_17_17_22.jpg',0,'gd0001','N',0,0,'[{\"contract\":\"test\",\"money\":100},{\"contract\":\"6199901Q1131246\",\"money\":100}]','2016年10月20日17:17:22','','2016-10-gd0001',0);
/*!40000 ALTER TABLE `pay_record_history` ENABLE KEYS */;
UNLOCK TABLES;

--
-- Temporary view structure for view `pay_record_view`
--

DROP TABLE IF EXISTS `pay_record_view`;
/*!50001 DROP VIEW IF EXISTS `pay_record_view`*/;
SET @saved_cs_client     = @@character_set_client;
SET character_set_client = utf8;
/*!50001 CREATE VIEW `pay_record_view` AS SELECT 
 1 AS `payer`,
 1 AS `pay_money`,
 1 AS `pay_way`,
 1 AS `pay_account`,
 1 AS `id`,
 1 AS `vicePayer`,
 1 AS `receiver`,
 1 AS `connPerson`,
 1 AS `linkCer`,
 1 AS `bankinput_id`,
 1 AS `owner`,
 1 AS `checkResult`,
 1 AS `pass`,
 1 AS `isconnect`,
 1 AS `many_pay`,
 1 AS `upload_time`,
 1 AS `contract_num`,
 1 AS `caid`,
 1 AS `freeback`,
 1 AS `agent_name`*/;
SET character_set_client = @saved_cs_client;

--
-- Final view structure for view `connect_person_view`
--

/*!50001 DROP VIEW IF EXISTS `connect_person_view`*/;
/*!50001 SET @saved_cs_client          = @@character_set_client */;
/*!50001 SET @saved_cs_results         = @@character_set_results */;
/*!50001 SET @saved_col_connection     = @@collation_connection */;
/*!50001 SET character_set_client      = utf8mb4 */;
/*!50001 SET character_set_results     = utf8mb4 */;
/*!50001 SET collation_connection      = utf8mb4_general_ci */;
/*!50001 CREATE ALGORITHM=UNDEFINED */
/*!50013 DEFINER=`root`@`localhost` SQL SECURITY DEFINER */
/*!50001 VIEW `connect_person_view` AS select `connect_person`.`username` AS `username`,`connect_person`.`phone` AS `phone`,`connect_person`.`weixin` AS `weixin`,`connect_person`.`company` AS `company`,`connect_person`.`password` AS `password`,`connect_person`.`real_name` AS `real_name`,`connect_person`.`register_way` AS `register_way`,`connect_person`.`agent` AS `agent`,`connect_person`.`contract_mes` AS `contract_mes`,`connect_person`.`companyid` AS `companyid`,`connect_person`.`flag` AS `flag`,`connect_person`.`email` AS `email`,`connect_person`.`cardid` AS `cardid`,`connect_person`.`score` AS `score`,`agent`.`agent_name` AS `agent_name` from (`connect_person` join `agent`) where (`connect_person`.`agent` = `agent`.`agent_id`) */;
/*!50001 SET character_set_client      = @saved_cs_client */;
/*!50001 SET character_set_results     = @saved_cs_results */;
/*!50001 SET collation_connection      = @saved_col_connection */;

--
-- Final view structure for view `pay_record_view`
--

/*!50001 DROP VIEW IF EXISTS `pay_record_view`*/;
/*!50001 SET @saved_cs_client          = @@character_set_client */;
/*!50001 SET @saved_cs_results         = @@character_set_results */;
/*!50001 SET @saved_col_connection     = @@collation_connection */;
/*!50001 SET character_set_client      = utf8mb4 */;
/*!50001 SET character_set_results     = utf8mb4 */;
/*!50001 SET collation_connection      = utf8mb4_general_ci */;
/*!50001 CREATE ALGORITHM=UNDEFINED */
/*!50013 DEFINER=`root`@`localhost` SQL SECURITY DEFINER */
/*!50001 VIEW `pay_record_view` AS select `pay_record`.`payer` AS `payer`,`pay_record`.`pay_money` AS `pay_money`,`pay_record`.`pay_way` AS `pay_way`,`pay_record`.`pay_account` AS `pay_account`,`pay_record`.`id` AS `id`,`pay_record`.`vicePayer` AS `vicePayer`,`pay_record`.`receiver` AS `receiver`,`pay_record`.`connPerson` AS `connPerson`,`pay_record`.`linkCer` AS `linkCer`,`pay_record`.`bankinput_id` AS `bankinput_id`,`pay_record`.`owner` AS `owner`,`pay_record`.`checkResult` AS `checkResult`,`pay_record`.`pass` AS `pass`,`pay_record`.`isconnect` AS `isconnect`,`pay_record`.`many_pay` AS `many_pay`,`pay_record`.`upload_time` AS `upload_time`,`pay_record`.`contract_num` AS `contract_num`,`pay_record`.`caid` AS `caid`,`pay_record`.`freeback` AS `freeback`,`agent`.`agent_name` AS `agent_name` from (`pay_record` left join `agent` on((`pay_record`.`owner` = `agent`.`agent_id`))) union all select `pay_record_cache`.`payer` AS `payer`,`pay_record_cache`.`pay_money` AS `pay_money`,`pay_record_cache`.`pay_way` AS `pay_way`,`pay_record_cache`.`pay_account` AS `pay_account`,`pay_record_cache`.`id` AS `id`,`pay_record_cache`.`vicePayer` AS `vicePayer`,`pay_record_cache`.`receiver` AS `receiver`,`pay_record_cache`.`connPerson` AS `connPerson`,`pay_record_cache`.`linkCer` AS `linkCer`,`pay_record_cache`.`bankinput_id` AS `bankinput_id`,`pay_record_cache`.`owner` AS `owner`,`pay_record_cache`.`checkResult` AS `checkResult`,`pay_record_cache`.`pass` AS `pass`,`pay_record_cache`.`isconnect` AS `isconnect`,`pay_record_cache`.`many_pay` AS `many_pay`,`pay_record_cache`.`upload_time` AS `upload_time`,`pay_record_cache`.`contract_num` AS `contract_num`,`pay_record_cache`.`caid` AS `caid`,`pay_record_cache`.`freeback` AS `freeback`,`agent`.`agent_name` AS `agent_name` from (`pay_record_cache` left join `agent` on((`pay_record_cache`.`owner` = `agent`.`agent_id`))) union all select `pay_record_history`.`payer` AS `payer`,`pay_record_history`.`pay_money` AS `pay_money`,`pay_record_history`.`pay_way` AS `pay_way`,`pay_record_history`.`pay_account` AS `pay_account`,`pay_record_history`.`id` AS `id`,`pay_record_history`.`vicePayer` AS `vicePayer`,`pay_record_history`.`receiver` AS `receiver`,`pay_record_history`.`connPerson` AS `connPerson`,`pay_record_history`.`linkCer` AS `linkCer`,`pay_record_history`.`bankinput_id` AS `bankinput_id`,`pay_record_history`.`owner` AS `owner`,`pay_record_history`.`checkResult` AS `checkResult`,`pay_record_history`.`pass` AS `pass`,`pay_record_history`.`isconnect` AS `isconnect`,`pay_record_history`.`many_pay` AS `many_pay`,`pay_record_history`.`upload_time` AS `upload_time`,`pay_record_history`.`contract_num` AS `contract_num`,`pay_record_history`.`caid` AS `caid`,`pay_record_history`.`freeback` AS `freeback`,`agent`.`agent_name` AS `agent_name` from (`pay_record_history` left join `agent` on((`pay_record_history`.`owner` = `agent`.`agent_id`))) */;
/*!50001 SET character_set_client      = @saved_cs_client */;
/*!50001 SET character_set_results     = @saved_cs_results */;
/*!50001 SET collation_connection      = @saved_col_connection */;
/*!40103 SET TIME_ZONE=@OLD_TIME_ZONE */;

/*!40101 SET SQL_MODE=@OLD_SQL_MODE */;
/*!40014 SET FOREIGN_KEY_CHECKS=@OLD_FOREIGN_KEY_CHECKS */;
/*!40014 SET UNIQUE_CHECKS=@OLD_UNIQUE_CHECKS */;
/*!40101 SET CHARACTER_SET_CLIENT=@OLD_CHARACTER_SET_CLIENT */;
/*!40101 SET CHARACTER_SET_RESULTS=@OLD_CHARACTER_SET_RESULTS */;
/*!40101 SET COLLATION_CONNECTION=@OLD_COLLATION_CONNECTION */;
/*!40111 SET SQL_NOTES=@OLD_SQL_NOTES */;

-- Dump completed on 2016-11-22 11:05:58
